file_name,NOSE_x,NOSE_y,NOSE_score,LEFT_EYE_x,LEFT_EYE_y,LEFT_EYE_score,RIGHT_EYE_x,RIGHT_EYE_y,RIGHT_EYE_score,LEFT_EAR_x,LEFT_EAR_y,LEFT_EAR_score,RIGHT_EAR_x,RIGHT_EAR_y,RIGHT_EAR_score,LEFT_SHOULDER_x,LEFT_SHOULDER_y,LEFT_SHOULDER_score,RIGHT_SHOULDER_x,RIGHT_SHOULDER_y,RIGHT_SHOULDER_score,LEFT_ELBOW_x,LEFT_ELBOW_y,LEFT_ELBOW_score,RIGHT_ELBOW_x,RIGHT_ELBOW_y,RIGHT_ELBOW_score,LEFT_WRIST_x,LEFT_WRIST_y,LEFT_WRIST_score,RIGHT_WRIST_x,RIGHT_WRIST_y,RIGHT_WRIST_score,LEFT_HIP_x,LEFT_HIP_y,LEFT_HIP_score,RIGHT_HIP_x,RIGHT_HIP_y,RIGHT_HIP_score,LEFT_KNEE_x,LEFT_KNEE_y,LEFT_KNEE_score,RIGHT_KNEE_x,RIGHT_KNEE_y,RIGHT_KNEE_score,LEFT_ANKLE_x,LEFT_ANKLE_y,LEFT_ANKLE_score,RIGHT_ANKLE_x,RIGHT_ANKLE_y,RIGHT_ANKLE_score,class_no,class_name
Average/0.jpeg,64.0,93.0,0.74602234,59.0,91.0,0.5598669,58.0,92.0,0.6992256,52.0,101.0,0.7646071,51.0,102.0,0.77958226,65.0,111.0,0.5508392,64.0,120.0,0.8179972,91.0,83.0,0.5692517,92.0,84.0,0.59762514,104.0,59.0,0.23217216,108.0,52.0,0.636372,126.0,119.0,0.59587234,130.0,127.0,0.7729688,146.0,64.0,0.7690549,147.0,64.0,0.6758344,176.0,110.0,0.70601606,177.0,111.0,0.808155,0,Average
Average/1.jpeg,63.0,94.0,0.58159196,57.0,92.0,0.7633149,56.0,93.0,0.72111946,51.0,103.0,0.8068457,50.0,104.0,0.79522884,66.0,113.0,0.61208564,65.0,122.0,0.7202486,90.0,85.0,0.5588534,92.0,85.0,0.6787937,102.0,58.0,0.2721885,105.0,54.0,0.6011355,128.0,120.0,0.50587064,130.0,126.0,0.76168895,144.0,64.0,0.63330597,145.0,63.0,0.6484181,177.0,108.0,0.6642269,178.0,109.0,0.6730792,0,Average
Average/10.jpeg,183.0,103.0,0.66573465,189.0,102.0,0.638958,189.0,102.0,0.66729474,199.0,113.0,0.9248198,198.0,112.0,0.8355175,187.0,129.0,0.8261154,183.0,123.0,0.7611441,149.0,90.0,0.5602376,150.0,90.0,0.681013,137.0,55.0,0.62586224,138.0,56.0,0.34295267,116.0,136.0,0.55487025,118.0,128.0,0.8006515,71.0,80.0,0.88442,76.0,77.0,0.6278516,53.0,139.0,0.7796189,57.0,134.0,0.85497564,0,Average
Average/11.jpeg,183.0,106.0,0.6058875,189.0,106.0,0.66133964,188.0,106.0,0.6333088,198.0,117.0,0.84741545,197.0,117.0,0.5931545,185.0,131.0,0.65771925,183.0,131.0,0.7302857,150.0,92.0,0.65497,150.0,92.0,0.5057343,139.0,56.0,0.59625864,140.0,57.0,0.44596884,113.0,135.0,0.6739181,115.0,130.0,0.6896131,73.0,77.0,0.8183922,75.0,72.0,0.7706895,51.0,134.0,0.9400254,54.0,129.0,0.8691333,0,Average
Average/12.jpeg,286.0,234.0,0.5982685,257.0,218.0,0.51616204,251.0,222.0,0.70061415,206.0,266.0,0.7667429,192.0,279.0,0.7403115,301.0,313.0,0.5018357,264.0,333.0,0.6825592,473.0,265.0,0.5494709,466.0,268.0,0.6592087,499.0,110.0,0.29843876,497.0,96.0,0.4977212,631.0,359.0,0.7514373,612.0,375.0,0.6957475,630.0,49.0,0.4689881,615.0,38.0,0.56466043,798.0,275.0,0.5804394,802.0,279.0,0.75657946,0,Average
Average/13.jpeg,284.0,240.0,0.42262954,250.0,231.0,0.7531333,246.0,234.0,0.6400308,199.0,282.0,0.65154105,188.0,295.0,0.80709755,293.0,324.0,0.54448164,261.0,350.0,0.67287993,457.0,277.0,0.7179934,459.0,281.0,0.6688342,485.0,103.0,0.37139377,483.0,95.0,0.42742553,631.0,371.0,0.8605582,609.0,380.0,0.6747802,618.0,48.0,0.42067412,590.0,35.0,0.5522543,797.0,271.0,0.5887619,799.0,275.0,0.7361,0,Average
Average/14.jpeg,297.0,223.0,0.64464897,264.0,208.0,0.54088455,260.0,210.0,0.6950059,207.0,253.0,0.70652944,197.0,259.0,0.64217275,294.0,312.0,0.601391,267.0,308.0,0.6833641,473.0,262.0,0.59840643,468.0,259.0,0.6573827,503.0,88.0,0.40216264,507.0,84.0,0.4527693,632.0,363.0,0.83992165,608.0,372.0,0.5940196,643.0,45.0,0.583621,633.0,41.0,0.5926637,802.0,278.0,0.5707153,804.0,283.0,0.7601148,0,Average
Average/15.jpeg,996.0,239.0,0.47951818,1027.0,231.0,0.8192251,1022.0,228.0,0.6879263,1079.0,276.0,0.7330784,1073.0,275.0,0.7831826,1003.0,348.0,0.6751354,997.0,343.0,0.6955692,807.0,282.0,0.6605469,823.0,280.0,0.30413342,768.0,119.0,0.21414351,773.0,102.0,0.4959087,655.0,375.0,0.67916405,666.0,365.0,0.5489778,672.0,24.0,0.69419736,699.0,26.0,0.28569782,475.0,274.0,0.6742805,484.0,268.0,0.6699249,0,Average
Average/16.jpeg,988.0,228.0,0.7535223,1019.0,218.0,0.60764265,1012.0,216.0,0.70682555,1073.0,263.0,0.6863901,1067.0,263.0,0.6737484,998.0,336.0,0.65418154,995.0,338.0,0.5758179,796.0,277.0,0.5267799,804.0,267.0,0.3944952,773.0,99.0,0.3214452,773.0,90.0,0.4873888,654.0,375.0,0.8235036,660.0,369.0,0.7337666,642.0,36.0,0.6258098,652.0,43.0,0.35703897,474.0,281.0,0.7081898,480.0,274.0,0.6063519,0,Average
Average/17.jpeg,1003.0,250.0,0.70301235,1032.0,243.0,0.4683595,1028.0,241.0,0.63621354,1079.0,295.0,0.75420415,1072.0,290.0,0.7342406,1008.0,361.0,0.5984536,992.0,336.0,0.6174963,805.0,280.0,0.58963394,806.0,271.0,0.5736153,787.0,108.0,0.43446308,786.0,99.0,0.5543422,659.0,378.0,0.7947527,660.0,367.0,0.734959,697.0,33.0,0.6199724,686.0,39.0,0.33453476,485.0,261.0,0.46085423,485.0,262.0,0.65800077,0,Average
Average/18.jpeg,442.0,195.0,0.66087645,457.0,192.0,0.6072815,457.0,192.0,0.5159248,475.0,211.0,0.76645017,478.0,215.0,0.5820651,433.0,242.0,0.7561757,475.0,285.0,0.48465148,332.0,164.0,0.82998747,333.0,165.0,0.25472203,284.0,62.0,0.77598304,284.0,64.0,0.34372702,246.0,296.0,0.77773046,246.0,298.0,0.7756257,51.0,260.0,0.7662947,90.0,257.0,0.17585042,124.0,407.0,0.37256736,130.0,400.0,0.43462026,0,Average
Average/2.jpeg,65.0,90.0,0.73293257,59.0,88.0,0.60412645,59.0,89.0,0.7046607,52.0,99.0,0.63506454,52.0,100.0,0.4346374,66.0,110.0,0.7645164,65.0,117.0,0.61884695,92.0,82.0,0.50277555,93.0,83.0,0.5645541,105.0,57.0,0.2768935,110.0,52.0,0.5745193,129.0,120.0,0.5080758,130.0,127.0,0.641879,147.0,66.0,0.7751237,148.0,66.0,0.7931774,177.0,113.0,0.6397955,178.0,113.0,0.8654462,0,Average
Average/20.jpeg,442.0,198.0,0.61338407,456.0,196.0,0.72852224,458.0,196.0,0.6313235,472.0,215.0,0.728014,479.0,221.0,0.499011,430.0,242.0,0.76340705,480.0,294.0,0.5448226,335.0,163.0,0.8739806,421.0,321.0,0.103888065,287.0,61.0,0.7757016,523.0,369.0,0.15868434,248.0,299.0,0.73152405,251.0,299.0,0.81847423,49.0,250.0,0.82947624,94.0,251.0,0.2957971,117.0,404.0,0.5366121,126.0,395.0,0.6319307,0,Average
Average/21.jpeg,213.0,191.0,0.5703259,197.0,186.0,0.7541154,199.0,184.0,0.7326888,176.0,212.0,0.7267304,182.0,206.0,0.7272895,173.0,282.0,0.3824597,230.0,247.0,0.46345505,127.0,345.0,0.30310038,318.0,161.0,0.79293495,134.0,358.0,0.27313426,366.0,68.0,0.81224114,394.0,313.0,0.30291283,413.0,300.0,0.6419026,590.0,254.0,0.52420473,597.0,258.0,0.78632903,520.0,401.0,0.5044924,522.0,411.0,0.5492573,0,Average
Average/24.jpeg,845.0,359.0,0.71339643,876.0,362.0,0.7447223,861.0,349.0,0.5855866,903.0,415.0,0.8012323,881.0,389.0,0.6072461,837.0,479.0,0.6549368,807.0,433.0,0.6258401,704.0,311.0,0.45494276,708.0,307.0,0.48818868,632.0,202.0,0.5852755,633.0,201.0,0.5298232,512.0,484.0,0.6702709,517.0,456.0,0.6222498,306.0,443.0,0.6887892,348.0,420.0,0.4151142,352.0,698.0,0.74448395,376.0,678.0,0.78432024,0,Average
Average/25.jpeg,840.0,354.0,0.6561301,869.0,354.0,0.7035244,856.0,345.0,0.78494114,905.0,401.0,0.5815122,882.0,379.0,0.5219694,839.0,468.0,0.5553808,809.0,437.0,0.52016836,693.0,321.0,0.5218908,699.0,316.0,0.5368519,633.0,205.0,0.4623887,628.0,204.0,0.5035661,518.0,484.0,0.66589266,523.0,476.0,0.5904604,303.0,449.0,0.71423435,385.0,474.0,0.2550997,366.0,700.0,0.59763885,387.0,688.0,0.7052789,0,Average
Average/28.jpeg,438.0,373.0,0.6787013,415.0,361.0,0.62769556,407.0,371.0,0.8240566,389.0,399.0,0.6877814,375.0,423.0,0.8362291,491.0,423.0,0.668967,433.0,488.0,0.49136862,577.0,299.0,0.4471492,570.0,316.0,0.33555755,643.0,199.0,0.6419736,631.0,205.0,0.11544834,754.0,448.0,0.59628415,753.0,492.0,0.5206073,916.0,405.0,0.63561964,938.0,424.0,0.43473002,901.0,652.0,0.5850199,928.0,673.0,0.7756115,0,Average
Average/29.jpeg,429.0,358.0,0.66278654,411.0,339.0,0.7142667,398.0,358.0,0.7037959,395.0,375.0,0.5104374,367.0,415.0,0.7906311,479.0,418.0,0.67910075,427.0,473.0,0.63184315,576.0,271.0,0.49724472,578.0,287.0,0.26663753,651.0,196.0,0.60143316,426.0,185.0,0.34550214,756.0,469.0,0.49129075,751.0,504.0,0.5346124,932.0,428.0,0.7530118,954.0,450.0,0.57504475,889.0,678.0,0.7580204,910.0,695.0,0.6733541,0,Average
Average/3.jpeg,159.0,94.0,0.7121862,164.0,94.0,0.76268196,164.0,93.0,0.85355717,171.0,104.0,0.76289195,171.0,101.0,0.7907275,161.0,123.0,0.8431482,156.0,113.0,0.7273139,132.0,85.0,0.6650623,132.0,84.0,0.6144341,116.0,52.0,0.37620682,119.0,54.0,0.47008923,95.0,124.0,0.71709037,98.0,117.0,0.75247556,75.0,64.0,0.7682743,77.0,65.0,0.6446171,46.0,111.0,0.84373534,48.0,109.0,0.72587556,0,Average
Average/30.jpeg,97.0,54.0,0.6979903,90.0,55.0,0.8105169,89.0,56.0,0.6937968,86.0,69.0,0.70125955,84.0,71.0,0.67396694,110.0,77.0,0.66609836,105.0,84.0,0.7121007,135.0,52.0,0.54868466,135.0,53.0,0.6637292,153.0,18.0,0.31813568,155.0,11.0,0.46313757,175.0,73.0,0.75108945,176.0,80.0,0.67197603,214.0,24.0,0.6816374,214.0,26.0,0.79634374,238.0,91.0,0.74781257,242.0,99.0,0.6895676,0,Average
Average/31.jpeg,95.0,56.0,0.59447753,88.0,56.0,0.7133384,87.0,58.0,0.76542306,85.0,71.0,0.8269786,83.0,73.0,0.78781664,110.0,78.0,0.5639915,103.0,84.0,0.6240255,135.0,52.0,0.5300755,133.0,55.0,0.7196422,152.0,17.0,0.34055537,153.0,14.0,0.5994404,177.0,73.0,0.625261,177.0,80.0,0.67418504,211.0,25.0,0.5786986,212.0,24.0,0.74891675,237.0,88.0,0.7686758,242.0,97.0,0.68674475,0,Average
Average/33.jpeg,202.0,54.0,0.47049913,209.0,56.0,0.72132045,208.0,55.0,0.6507872,215.0,70.0,0.7512857,213.0,69.0,0.6577838,199.0,82.0,0.61302495,188.0,78.0,0.66163135,163.0,48.0,0.67099756,160.0,47.0,0.35504022,143.0,11.0,0.7073995,140.0,12.0,0.5477976,121.0,81.0,0.7587444,118.0,76.0,0.67346245,85.0,28.0,0.8019949,84.0,30.0,0.549843,56.0,101.0,0.60134864,64.0,86.0,0.45338997,0,Average
Average/34.jpeg,201.0,53.0,0.648498,209.0,55.0,0.709148,207.0,54.0,0.6950359,215.0,68.0,0.72048455,213.0,66.0,0.7182406,199.0,79.0,0.766091,189.0,76.0,0.5526325,161.0,48.0,0.6793224,159.0,47.0,0.43668818,141.0,11.0,0.5589265,138.0,13.0,0.5458302,120.0,81.0,0.7166218,117.0,77.0,0.74138504,83.0,31.0,0.67097765,83.0,30.0,0.7514939,58.0,102.0,0.4461427,65.0,85.0,0.5458818,0,Average
Average/35.jpeg,205.0,55.0,0.6695915,212.0,58.0,0.66466624,212.0,57.0,0.5704355,216.0,73.0,0.86459774,215.0,71.0,0.7249716,195.0,84.0,0.7660224,188.0,77.0,0.48770943,164.0,49.0,0.600736,162.0,49.0,0.45536867,144.0,11.0,0.6724746,143.0,12.0,0.33451828,121.0,78.0,0.71497524,121.0,73.0,0.82118064,87.0,26.0,0.8073624,87.0,26.0,0.57005954,60.0,95.0,0.3763768,65.0,82.0,0.6645565,0,Average
Average/37.jpeg,450.0,229.0,0.5824962,465.0,233.0,0.81631845,465.0,232.0,0.8218837,470.0,261.0,0.86225104,470.0,259.0,0.80815935,424.0,280.0,0.6990148,423.0,269.0,0.5973263,382.0,200.0,0.5216242,380.0,196.0,0.4956929,357.0,135.0,0.6006961,357.0,134.0,0.7715251,287.0,273.0,0.88208395,293.0,267.0,0.7783194,373.0,191.0,0.43807358,365.0,186.0,0.5432913,255.0,190.0,0.6858045,256.0,190.0,0.6480185,0,Average
Average/38.jpeg,447.0,238.0,0.7337829,461.0,244.0,0.7949087,460.0,242.0,0.6666923,463.0,272.0,0.89422756,461.0,270.0,0.8296059,414.0,288.0,0.6168548,413.0,273.0,0.6077528,380.0,199.0,0.5992321,378.0,196.0,0.46930233,361.0,134.0,0.584613,359.0,139.0,0.55023307,282.0,267.0,0.7758162,289.0,263.0,0.7418242,368.0,194.0,0.5937166,356.0,185.0,0.5730992,253.0,184.0,0.6755755,253.0,185.0,0.76024354,0,Average
Average/4.jpeg,158.0,92.0,0.725918,163.0,92.0,0.7741777,163.0,91.0,0.6732517,171.0,102.0,0.7818692,170.0,100.0,0.5947705,162.0,119.0,0.82068133,157.0,110.0,0.7599812,131.0,86.0,0.6179613,131.0,83.0,0.5797048,113.0,50.0,0.3720474,114.0,51.0,0.5651154,96.0,125.0,0.62671834,98.0,118.0,0.7972882,73.0,67.0,0.666805,76.0,66.0,0.83653027,46.0,113.0,0.9089663,48.0,111.0,0.66943514,0,Average
Average/40.jpeg,253.0,238.0,0.6157507,241.0,239.0,0.5194106,240.0,241.0,0.5144144,235.0,268.0,0.6009903,232.0,272.0,0.7787965,276.0,276.0,0.62661195,277.0,289.0,0.5721784,321.0,200.0,0.44994327,323.0,199.0,0.649044,338.0,134.0,0.5620841,338.0,135.0,0.65588295,419.0,266.0,0.85247177,423.0,269.0,0.8649223,328.0,192.0,0.6645058,330.0,190.0,0.40603268,443.0,181.0,0.58029675,443.0,182.0,0.7119382,0,Average
Average/41.jpeg,249.0,229.0,0.62320316,236.0,231.0,0.6082833,234.0,233.0,0.6645032,231.0,257.0,0.7669479,229.0,262.0,0.7346837,275.0,267.0,0.6790704,272.0,283.0,0.6743148,320.0,196.0,0.29465583,324.0,195.0,0.5554478,344.0,132.0,0.4319172,346.0,133.0,0.6306242,416.0,270.0,0.8680805,418.0,273.0,0.7542611,331.0,185.0,0.60661805,329.0,189.0,0.5237702,445.0,189.0,0.52033365,443.0,190.0,0.7256085,0,Average
Average/42.jpeg,149.0,246.0,0.6302167,126.0,250.0,0.7860226,126.0,251.0,0.77702546,116.0,293.0,0.72827977,117.0,295.0,0.7145271,193.0,307.0,0.6782611,192.0,322.0,0.82566994,259.0,185.0,0.48905852,260.0,183.0,0.66592216,297.0,75.0,0.6111253,296.0,74.0,0.6799946,404.0,297.0,0.5501531,413.0,304.0,0.7435156,334.0,134.0,0.60511154,340.0,137.0,0.6612053,491.0,215.0,0.67633635,489.0,216.0,0.671241,0,Average
Average/43.jpeg,149.0,251.0,0.7820493,128.0,255.0,0.6414857,127.0,257.0,0.72740626,121.0,299.0,0.8791653,122.0,302.0,0.88306034,202.0,308.0,0.62335247,198.0,326.0,0.74359393,262.0,188.0,0.35015106,261.0,187.0,0.5862884,293.0,71.0,0.66291016,294.0,73.0,0.7246075,411.0,289.0,0.6892268,420.0,298.0,0.6851959,333.0,135.0,0.6907092,339.0,138.0,0.6800613,486.0,209.0,0.6948528,489.0,209.0,0.6557103,0,Average
Average/45.jpeg,483.0,242.0,0.73499054,505.0,250.0,0.82953554,505.0,249.0,0.7994598,510.0,293.0,0.82868654,510.0,292.0,0.79936963,431.0,318.0,0.6987246,424.0,304.0,0.67755353,364.0,184.0,0.6096215,361.0,182.0,0.5121141,330.0,85.0,0.74321896,326.0,89.0,0.33551326,212.0,301.0,0.77877206,224.0,296.0,0.75800973,295.0,139.0,0.80114824,289.0,140.0,0.66770095,140.0,216.0,0.60114443,138.0,215.0,0.7484342,0,Average
Average/46.jpeg,485.0,235.0,0.6856631,506.0,244.0,0.7294158,506.0,243.0,0.8154496,513.0,285.0,0.81985277,512.0,287.0,0.73044884,433.0,313.0,0.7802159,427.0,301.0,0.69823337,364.0,183.0,0.6002632,361.0,182.0,0.506425,328.0,80.0,0.6729172,324.0,86.0,0.36609372,216.0,305.0,0.8524364,227.0,300.0,0.5141303,294.0,139.0,0.81078464,288.0,141.0,0.732358,141.0,220.0,0.5205959,140.0,217.0,0.5623652,0,Average
Average/47.jpeg,480.0,248.0,0.6463232,500.0,256.0,0.65523094,501.0,255.0,0.5868809,507.0,297.0,0.898462,505.0,300.0,0.6482422,429.0,321.0,0.6458848,418.0,310.0,0.73001945,364.0,183.0,0.6066646,360.0,182.0,0.45207718,334.0,86.0,0.7258956,329.0,90.0,0.30371577,210.0,298.0,0.68792844,219.0,293.0,0.8229793,296.0,138.0,0.77595234,293.0,141.0,0.815719,141.0,207.0,0.6624869,138.0,209.0,0.8509502,0,Average
Average/48.jpeg,196.0,117.0,0.72777027,203.0,120.0,0.70198494,203.0,120.0,0.8058249,205.0,139.0,0.890505,204.0,138.0,0.6723374,173.0,148.0,0.72492546,175.0,140.0,0.5954885,149.0,92.0,0.6040134,148.0,92.0,0.55375636,133.0,51.0,0.5838429,133.0,51.0,0.5580174,86.0,141.0,0.6437777,92.0,138.0,0.81258225,140.0,85.0,0.5861413,136.0,83.0,0.6857865,62.0,86.0,0.72502404,65.0,84.0,0.801055,0,Average
Average/49.jpeg,196.0,115.0,0.7147412,204.0,118.0,0.845609,203.0,117.0,0.7346307,206.0,137.0,0.81119627,206.0,136.0,0.6731825,176.0,148.0,0.7029562,175.0,139.0,0.6539869,149.0,93.0,0.64791125,148.0,92.0,0.5516238,133.0,52.0,0.6639536,132.0,51.0,0.7803332,87.0,142.0,0.77635175,93.0,139.0,0.73832005,140.0,85.0,0.5377521,136.0,83.0,0.69503975,62.0,88.0,0.5831747,65.0,86.0,0.64151406,0,Average
Average/5.jpeg,161.0,94.0,0.57461095,167.0,94.0,0.63752943,166.0,94.0,0.8153173,172.0,105.0,0.821235,171.0,103.0,0.6533087,161.0,125.0,0.8310579,157.0,113.0,0.65018255,132.0,86.0,0.7056075,134.0,84.0,0.5364515,117.0,53.0,0.3423262,120.0,54.0,0.48591498,94.0,124.0,0.6966574,97.0,117.0,0.7396092,78.0,63.0,0.7772451,78.0,63.0,0.7145459,47.0,108.0,0.79866,48.0,106.0,0.757578,0,Average
Average/50.jpeg,194.0,120.0,0.529745,202.0,123.0,0.7855817,202.0,123.0,0.6898551,203.0,141.0,0.84619266,203.0,141.0,0.78392166,171.0,150.0,0.52971244,173.0,144.0,0.56852424,149.0,93.0,0.59168124,149.0,92.0,0.50403476,135.0,51.0,0.579275,134.0,51.0,0.7043179,83.0,140.0,0.7021713,89.0,138.0,0.7005946,140.0,86.0,0.5652494,135.0,85.0,0.67141294,63.0,84.0,0.7943286,66.0,83.0,0.7778084,0,Average
Average/51.jpeg,64.0,118.0,0.66303235,56.0,119.0,0.7412884,55.0,120.0,0.7329988,52.0,137.0,0.6629214,52.0,139.0,0.7992208,83.0,141.0,0.5408576,82.0,151.0,0.6313251,110.0,94.0,0.36503434,110.0,92.0,0.7091,125.0,51.0,0.61364543,125.0,51.0,0.7227963,171.0,139.0,0.703967,175.0,142.0,0.8720313,119.0,84.0,0.4888267,116.0,87.0,0.61839867,194.0,85.0,0.63918716,196.0,85.0,0.79763234,0,Average
Average/52.jpeg,65.0,119.0,0.69413024,56.0,121.0,0.6726568,55.0,122.0,0.8315849,53.0,140.0,0.82973814,54.0,142.0,0.85647017,86.0,144.0,0.663846,85.0,154.0,0.73545164,110.0,94.0,0.36720902,110.0,93.0,0.72362304,124.0,52.0,0.5623705,123.0,52.0,0.7229941,174.0,136.0,0.6064443,176.0,140.0,0.75643384,124.0,81.0,0.556228,117.0,85.0,0.4648706,192.0,83.0,0.6808827,193.0,83.0,0.6372417,0,Average
Average/53.jpeg,63.0,116.0,0.73729086,55.0,117.0,0.73102677,54.0,117.0,0.8550681,50.0,135.0,0.8927061,51.0,137.0,0.68684494,83.0,141.0,0.6045714,82.0,151.0,0.7067988,109.0,95.0,0.29235995,110.0,92.0,0.67876714,127.0,51.0,0.63236934,126.0,51.0,0.6975455,170.0,141.0,0.6158955,172.0,144.0,0.7037482,121.0,82.0,0.71147376,116.0,87.0,0.5762389,194.0,87.0,0.68888104,195.0,87.0,0.5693136,0,Average
Average/55.jpeg,149.0,251.0,0.7820493,128.0,255.0,0.6414857,127.0,257.0,0.72740626,121.0,299.0,0.8791653,122.0,302.0,0.88306034,202.0,308.0,0.62335247,198.0,326.0,0.74359393,262.0,188.0,0.35015106,261.0,187.0,0.5862884,293.0,71.0,0.66291016,294.0,73.0,0.7246075,411.0,289.0,0.6892268,420.0,298.0,0.6851959,333.0,135.0,0.6907092,339.0,138.0,0.6800613,486.0,209.0,0.6948528,489.0,209.0,0.6557103,0,Average
Average/56.jpeg,144.0,236.0,0.7479617,122.0,242.0,0.8635226,120.0,243.0,0.8259963,112.0,283.0,0.8336553,114.0,288.0,0.8728696,188.0,299.0,0.61071336,185.0,318.0,0.8310889,258.0,183.0,0.44763118,259.0,179.0,0.5888255,302.0,72.0,0.56405866,302.0,72.0,0.72840524,399.0,299.0,0.54582673,408.0,308.0,0.58198386,337.0,135.0,0.7993865,342.0,137.0,0.6729635,487.0,221.0,0.64387965,489.0,221.0,0.6779037,0,Average
Average/57.jpeg,483.0,242.0,0.73499054,505.0,250.0,0.82953554,505.0,249.0,0.7994598,510.0,293.0,0.82868654,510.0,292.0,0.79936963,431.0,318.0,0.6987246,424.0,304.0,0.67755353,364.0,184.0,0.6096215,361.0,182.0,0.5121141,330.0,85.0,0.74321896,326.0,89.0,0.33551326,212.0,301.0,0.77877206,224.0,296.0,0.75800973,295.0,139.0,0.80114824,289.0,140.0,0.66770095,140.0,216.0,0.60114443,138.0,215.0,0.7484342,0,Average
Average/58.jpeg,485.0,235.0,0.6856631,506.0,244.0,0.7294158,506.0,243.0,0.8154496,513.0,285.0,0.81985277,512.0,287.0,0.73044884,433.0,313.0,0.7802159,427.0,301.0,0.69823337,364.0,183.0,0.6002632,361.0,182.0,0.506425,328.0,80.0,0.6729172,324.0,86.0,0.36609372,216.0,305.0,0.8524364,227.0,300.0,0.5141303,294.0,139.0,0.81078464,288.0,141.0,0.732358,141.0,220.0,0.5205959,140.0,217.0,0.5623652,0,Average
Average/59.jpeg,480.0,248.0,0.6463232,500.0,256.0,0.65523094,501.0,255.0,0.5868809,507.0,297.0,0.898462,505.0,300.0,0.6482422,429.0,321.0,0.6458848,418.0,310.0,0.73001945,364.0,183.0,0.6066646,360.0,182.0,0.45207718,334.0,86.0,0.7258956,329.0,90.0,0.30371577,210.0,298.0,0.68792844,219.0,293.0,0.8229793,296.0,138.0,0.77595234,293.0,141.0,0.815719,141.0,207.0,0.6624869,138.0,209.0,0.8509502,0,Average
Average/61.jpeg,136.0,128.0,0.6198429,127.0,124.0,0.6242328,125.0,125.0,0.68193674,113.0,139.0,0.75098634,108.0,145.0,0.6943366,144.0,158.0,0.6683938,133.0,172.0,0.68899715,181.0,109.0,0.6826352,181.0,110.0,0.576587,202.0,55.0,0.54328674,202.0,53.0,0.6414166,255.0,152.0,0.8042088,255.0,157.0,0.6065158,258.0,54.0,0.6907351,257.0,53.0,0.8432739,324.0,120.0,0.5353704,320.0,121.0,0.75133246,0,Average
Average/62.jpeg,134.0,120.0,0.76808274,126.0,115.0,0.8013896,124.0,116.0,0.5660703,112.0,130.0,0.7445667,108.0,135.0,0.8730206,140.0,152.0,0.6900357,133.0,165.0,0.5244762,181.0,103.0,0.66205704,183.0,105.0,0.6006106,207.0,51.0,0.45862523,207.0,51.0,0.699019,255.0,152.0,0.7357994,256.0,157.0,0.7764607,263.0,56.0,0.81831187,263.0,54.0,0.80444056,324.0,126.0,0.7504205,322.0,129.0,0.6732878,0,Average
Average/63.jpeg,340.0,126.0,0.5711254,352.0,123.0,0.7499824,350.0,121.0,0.7379009,368.0,140.0,0.60825986,367.0,135.0,0.6892099,343.0,174.0,0.7827893,334.0,152.0,0.4607393,299.0,108.0,0.82574964,298.0,109.0,0.44143492,273.0,51.0,0.74105084,272.0,49.0,0.5131562,220.0,160.0,0.7958021,222.0,157.0,0.804644,217.0,55.0,0.8306485,215.0,56.0,0.7804452,157.0,122.0,0.740909,156.0,124.0,0.8627113,0,Average
Average/66.jpeg,896.0,293.0,0.7230039,927.0,297.0,0.76429254,911.0,287.0,0.8084224,956.0,347.0,0.80508566,938.0,321.0,0.64727676,914.0,387.0,0.76143545,857.0,347.0,0.5016241,792.0,263.0,0.763715,728.0,273.0,0.71754616,728.0,149.0,0.5581326,684.0,155.0,0.7351913,651.0,408.0,0.8193462,643.0,367.0,0.7726198,482.0,190.0,0.7497999,485.0,162.0,0.8865148,419.0,418.0,0.7715108,425.0,393.0,0.76713437,0,Average
Average/67.jpeg,893.0,285.0,0.7566193,924.0,288.0,0.8035191,909.0,278.0,0.73874307,957.0,336.0,0.8357259,936.0,308.0,0.50624895,919.0,373.0,0.7850857,853.0,339.0,0.6554507,797.0,260.0,0.67904633,716.0,272.0,0.78577447,727.0,145.0,0.6231039,683.0,158.0,0.75743985,654.0,410.0,0.64422685,644.0,373.0,0.7958265,477.0,195.0,0.81141573,488.0,173.0,0.7297662,422.0,426.0,0.7828723,429.0,401.0,0.71640474,0,Average
Average/69.jpeg,382.0,294.0,0.7687065,363.0,285.0,0.62093127,356.0,292.0,0.70062995,338.0,322.0,0.54601496,318.0,341.0,0.8417194,425.0,343.0,0.6496219,358.0,388.0,0.7716539,557.0,275.0,0.63432014,471.0,257.0,0.7345913,580.0,154.0,0.4665627,542.0,145.0,0.62883526,636.0,381.0,0.70761704,626.0,419.0,0.77245486,789.0,180.0,0.74294525,793.0,192.0,0.7186243,857.0,396.0,0.8401613,865.0,422.0,0.6415553,0,Average
Average/7.jpeg,68.0,106.0,0.6569697,62.0,105.0,0.6691636,62.0,106.0,0.7632537,54.0,119.0,0.81827396,53.0,119.0,0.8314481,68.0,124.0,0.46620244,69.0,133.0,0.5797139,100.0,91.0,0.78517073,102.0,94.0,0.46336642,112.0,60.0,0.45661077,113.0,57.0,0.6266069,136.0,129.0,0.5815022,140.0,136.0,0.7714195,171.0,75.0,0.6636383,179.0,76.0,0.75705194,197.0,130.0,0.83669174,201.0,134.0,0.9165279,0,Average
Average/70.jpeg,382.0,301.0,0.67523116,362.0,294.0,0.7179101,353.0,301.0,0.60607684,340.0,334.0,0.55512464,319.0,352.0,0.791602,429.0,344.0,0.6469347,361.0,396.0,0.5979555,551.0,276.0,0.63125616,469.0,264.0,0.7090327,577.0,157.0,0.45805296,540.0,147.0,0.57710326,634.0,382.0,0.5606445,623.0,419.0,0.7703758,782.0,174.0,0.80986375,788.0,181.0,0.67020535,856.0,385.0,0.83026814,863.0,418.0,0.6859361,0,Average
Average/71.jpeg,389.0,288.0,0.60582525,366.0,280.0,0.58202356,360.0,284.0,0.7528137,335.0,319.0,0.7973601,321.0,328.0,0.7644665,422.0,336.0,0.6247325,356.0,373.0,0.78576994,557.0,268.0,0.6327204,484.0,254.0,0.6283547,590.0,154.0,0.37686157,553.0,142.0,0.52199304,632.0,379.0,0.5487395,625.0,418.0,0.6818158,793.0,183.0,0.7700562,801.0,196.0,0.67733073,853.0,403.0,0.8259237,860.0,428.0,0.70811224,0,Average
Average/72.jpeg,381.0,716.0,0.7816663,331.0,726.0,0.494759,324.0,735.0,0.8595504,317.0,836.0,0.7403512,306.0,854.0,0.80569714,502.0,824.0,0.45622617,481.0,924.0,0.8785727,739.0,556.0,0.56285495,768.0,595.0,0.73401386,854.0,330.0,0.62171525,878.0,263.0,0.52563095,1051.0,776.0,0.74041134,1095.0,860.0,0.8213661,1078.0,307.0,0.8314059,1072.0,316.0,0.88069874,1548.0,373.0,0.824743,1567.0,405.0,0.86405313,0,Average
Average/73.jpeg,381.0,729.0,0.7204927,325.0,741.0,0.8531469,321.0,743.0,0.8563566,310.0,859.0,0.76847327,304.0,870.0,0.71376723,507.0,851.0,0.63047475,495.0,943.0,0.8664056,742.0,559.0,0.5528346,770.0,597.0,0.74082273,839.0,341.0,0.46286386,867.0,260.0,0.48254883,1055.0,778.0,0.76551074,1098.0,861.0,0.81624645,1036.0,290.0,0.5483308,1051.0,308.0,0.8883075,1544.0,354.0,0.74881977,1561.0,380.0,0.8854572,0,Average
Average/76.jpeg,1429.0,691.0,0.5784417,1480.0,713.0,0.76574,1476.0,705.0,0.72664,1514.0,821.0,0.83577967,1497.0,807.0,0.660418,1341.0,922.0,0.68907356,1308.0,837.0,0.7795677,1057.0,601.0,0.79546803,1060.0,579.0,0.48418912,914.0,264.0,0.5138929,934.0,327.0,0.45436648,720.0,890.0,0.68449277,762.0,844.0,0.5772943,736.0,326.0,0.77486897,739.0,322.0,0.6373943,233.0,416.0,0.89502084,237.0,403.0,0.7080129,0,Average
Average/77.jpeg,1431.0,722.0,0.6333846,1477.0,753.0,0.67078936,1475.0,743.0,0.73867196,1491.0,865.0,0.7030574,1488.0,853.0,0.7560066,1316.0,944.0,0.53801435,1292.0,842.0,0.65940994,1054.0,603.0,0.7439353,1062.0,580.0,0.51268786,936.0,265.0,0.52522874,946.0,286.0,0.4763157,700.0,871.0,0.7559677,749.0,831.0,0.6965102,754.0,306.0,0.8484006,760.0,304.0,0.7393028,241.0,375.0,0.8125584,250.0,361.0,0.7174096,0,Average
Average/78.jpeg,573.0,335.0,0.6687011,595.0,334.0,0.64631003,594.0,332.0,0.76097214,626.0,376.0,0.6698342,623.0,372.0,0.82605106,564.0,447.0,0.55342776,545.0,403.0,0.55985606,449.0,322.0,0.57732165,455.0,317.0,0.63753015,398.0,190.0,0.56378186,405.0,197.0,0.47576457,323.0,447.0,0.69983053,330.0,429.0,0.74523497,276.0,231.0,0.827794,276.0,231.0,0.8191362,187.0,411.0,0.798357,188.0,398.0,0.7676615,0,Average
Average/79.jpeg,574.0,327.0,0.7215811,594.0,325.0,0.48770824,594.0,324.0,0.76094806,625.0,369.0,0.86497265,623.0,366.0,0.76209664,565.0,440.0,0.7129319,546.0,400.0,0.60068494,448.0,322.0,0.5729499,454.0,316.0,0.6693529,391.0,187.0,0.5274347,398.0,197.0,0.4121373,325.0,448.0,0.76769084,331.0,429.0,0.75478375,271.0,234.0,0.83895934,273.0,231.0,0.8882906,191.0,418.0,0.71364915,190.0,399.0,0.7565444,0,Average
Average/8.jpeg,67.0,102.0,0.64017034,61.0,101.0,0.77000546,60.0,101.0,0.77130383,52.0,114.0,0.86910874,51.0,113.0,0.770828,68.0,123.0,0.6085511,67.0,128.0,0.52895963,100.0,90.0,0.73188007,100.0,93.0,0.60151327,114.0,59.0,0.4315112,115.0,56.0,0.7276927,136.0,130.0,0.65470916,139.0,137.0,0.76355106,175.0,78.0,0.5446038,180.0,78.0,0.8582587,195.0,134.0,0.8014613,199.0,139.0,0.837603,0,Average
Average/81.jpeg,200.0,342.0,0.7008069,178.0,338.0,0.59160763,178.0,338.0,0.8734723,152.0,374.0,0.8559025,150.0,377.0,0.82015175,222.0,404.0,0.64575857,214.0,444.0,0.81813604,316.0,322.0,0.45627975,317.0,330.0,0.7838082,371.0,196.0,0.5206639,374.0,196.0,0.6394604,440.0,421.0,0.8269269,445.0,443.0,0.73541826,498.0,229.0,0.8222134,500.0,230.0,0.8751425,584.0,399.0,0.7561987,593.0,407.0,0.6817754,0,Average
Average/82.jpeg,198.0,349.0,0.7679167,174.0,342.0,0.7246667,173.0,343.0,0.7791678,150.0,382.0,0.8480061,147.0,385.0,0.7656774,228.0,412.0,0.76356816,217.0,450.0,0.6577184,316.0,328.0,0.600662,317.0,332.0,0.7367144,365.0,195.0,0.5730835,366.0,195.0,0.663236,448.0,426.0,0.7390531,453.0,448.0,0.7067721,495.0,227.0,0.8775295,495.0,227.0,0.87150514,584.0,394.0,0.71622133,592.0,400.0,0.7631362,0,Average
Average/83.jpeg,203.0,337.0,0.8371605,181.0,331.0,0.62335503,179.0,331.0,0.72258574,155.0,365.0,0.82168853,151.0,368.0,0.85749173,221.0,398.0,0.52403945,213.0,434.0,0.7540742,318.0,320.0,0.49350318,319.0,327.0,0.7869207,379.0,196.0,0.5768585,380.0,195.0,0.6277332,439.0,422.0,0.82505774,442.0,446.0,0.80903083,504.0,232.0,0.91530937,507.0,234.0,0.82772774,583.0,404.0,0.7895847,592.0,413.0,0.70961696,0,Average
Average/9.jpeg,183.0,104.0,0.6907252,189.0,104.0,0.6556445,189.0,103.0,0.6734828,198.0,115.0,0.81365734,197.0,114.0,0.7646305,186.0,130.0,0.6615409,183.0,126.0,0.6757693,149.0,90.0,0.71956956,150.0,89.0,0.60474783,138.0,55.0,0.47039387,139.0,55.0,0.42770016,116.0,137.0,0.6713198,118.0,131.0,0.72888106,72.0,77.0,0.83003604,75.0,73.0,0.8177738,51.0,136.0,0.8343461,55.0,132.0,0.8583881,0,Average
Bad/84.jpeg,343.0,343.0,0.6524591,313.0,343.0,0.7925123,312.0,344.0,0.8188318,296.0,395.0,0.77218586,296.0,401.0,0.774445,388.0,415.0,0.5147197,413.0,469.0,0.6866932,494.0,276.0,0.3618618,522.0,276.0,0.5446307,548.0,144.0,0.2733459,567.0,127.0,0.59199,697.0,409.0,0.41542336,723.0,426.0,0.74486053,499.0,273.0,0.49116075,545.0,266.0,0.222263,724.0,240.0,0.5698203,727.0,241.0,0.53900933,1,Bad
Bad/85.jpeg,342.0,347.0,0.5580676,314.0,348.0,0.75641084,313.0,347.0,0.65803677,299.0,402.0,0.8180478,300.0,409.0,0.8467789,392.0,423.0,0.5973767,422.0,474.0,0.5838365,497.0,270.0,0.4007134,520.0,273.0,0.4722597,546.0,138.0,0.42233786,562.0,126.0,0.61390835,697.0,402.0,0.536665,730.0,418.0,0.67885184,497.0,270.0,0.49587232,529.0,269.0,0.30512726,713.0,229.0,0.47466838,717.0,232.0,0.42762035,1,Bad
Bad/86.jpeg,341.0,336.0,0.7002963,311.0,336.0,0.6739609,312.0,338.0,0.78848916,292.0,387.0,0.8312744,294.0,393.0,0.84140795,382.0,420.0,0.74974376,411.0,462.0,0.787943,484.0,272.0,0.38757542,524.0,272.0,0.5025933,555.0,145.0,0.30789617,579.0,129.0,0.6285917,690.0,408.0,0.5576072,719.0,431.0,0.57428324,505.0,267.0,0.47689423,536.0,275.0,0.2702755,732.0,244.0,0.5607475,735.0,244.0,0.43238956,1,Bad
Bad/88.jpeg,675.0,337.0,0.74915975,703.0,336.0,0.6747594,701.0,335.0,0.6736792,729.0,393.0,0.8542219,727.0,385.0,0.8088537,636.0,462.0,0.6437146,634.0,407.0,0.35188907,497.0,266.0,0.43991607,521.0,263.0,0.38498214,439.0,125.0,0.41715646,444.0,118.0,0.61771095,310.0,444.0,0.62807614,357.0,414.0,0.43003863,494.0,280.0,0.5114742,524.0,276.0,0.45260942,300.0,254.0,0.45395032,298.0,260.0,0.7085378,1,Bad
Bad/89.jpeg,673.0,344.0,0.55381536,700.0,347.0,0.53047067,697.0,344.0,0.7110849,723.0,407.0,0.88124317,718.0,401.0,0.6768854,621.0,469.0,0.729318,634.0,412.0,0.32486933,506.0,269.0,0.32568225,526.0,260.0,0.40707454,457.0,117.0,0.35321462,458.0,112.0,0.5333002,292.0,419.0,0.84703135,323.0,397.0,0.6138677,506.0,278.0,0.46264446,525.0,279.0,0.55500567,307.0,237.0,0.4182849,307.0,242.0,0.4113283,1,Bad
Good/0.jpeg,556.0,231.0,0.5892823,573.0,234.0,0.6053477,573.0,233.0,0.7705405,581.0,265.0,0.7740392,580.0,263.0,0.70963705,535.0,289.0,0.6253391,528.0,273.0,0.6645333,482.0,211.0,0.7776397,481.0,213.0,0.78357935,442.0,151.0,0.6727847,440.0,152.0,0.51228935,383.0,272.0,0.74544835,386.0,259.0,0.7705707,279.0,262.0,0.6280627,292.0,252.0,0.5248323,153.0,263.0,0.5240727,259.0,240.0,0.32932168,2,Good
Good/10.jpeg,737.0,250.0,0.6832107,756.0,252.0,0.6327231,755.0,250.0,0.6008275,773.0,283.0,0.8118271,771.0,281.0,0.6582668,729.0,321.0,0.86533356,714.0,316.0,0.7283308,639.0,232.0,0.7787084,636.0,239.0,0.5637203,582.0,161.0,0.62013763,576.0,163.0,0.6516932,511.0,307.0,0.656119,509.0,302.0,0.7874314,393.0,296.0,0.3545379,409.0,302.0,0.49719706,300.0,325.0,0.16822493,308.0,320.0,0.14966632,2,Good
Good/11.jpeg,739.0,265.0,0.684192,757.0,268.0,0.6118238,757.0,268.0,0.623488,773.0,302.0,0.8471432,769.0,299.0,0.6595769,728.0,336.0,0.7824481,712.0,323.0,0.62367284,641.0,245.0,0.7296537,639.0,248.0,0.6057683,585.0,159.0,0.6445049,583.0,170.0,0.49073297,509.0,313.0,0.7196969,508.0,303.0,0.79115963,387.0,288.0,0.356357,406.0,291.0,0.45537215,293.0,300.0,0.17157494,303.0,302.0,0.15221167,2,Good
Good/12.jpeg,110.0,162.0,0.7421974,98.0,161.0,0.71497005,96.0,164.0,0.6748058,87.0,182.0,0.75351197,82.0,189.0,0.741819,131.0,196.0,0.6997032,116.0,218.0,0.7375713,191.0,170.0,0.25251806,179.0,171.0,0.6728006,211.0,105.0,0.31680295,211.0,106.0,0.71808857,253.0,194.0,0.6031947,250.0,204.0,0.6660784,325.0,183.0,0.3448231,331.0,193.0,0.6110023,457.0,190.0,0.23596725,458.0,190.0,0.6958277,2,Good
Good/13.jpeg,114.0,169.0,0.6585985,103.0,169.0,0.6244212,100.0,170.0,0.7046241,92.0,190.0,0.7700686,86.0,196.0,0.5984953,135.0,206.0,0.666693,119.0,221.0,0.8525234,191.0,168.0,0.24379818,183.0,172.0,0.6802245,215.0,109.0,0.4433192,212.0,106.0,0.58477503,264.0,192.0,0.5609135,265.0,200.0,0.7136383,327.0,180.0,0.40471447,336.0,189.0,0.51248246,458.0,181.0,0.38133925,459.0,184.0,0.52393377,2,Good
Good/14.jpeg,111.0,158.0,0.6391116,100.0,156.0,0.67860544,98.0,159.0,0.7492122,88.0,176.0,0.5340347,83.0,184.0,0.8198752,130.0,191.0,0.5446416,115.0,212.0,0.7975256,181.0,166.0,0.34417158,176.0,167.0,0.7035079,214.0,101.0,0.3130703,212.0,101.0,0.62031126,252.0,192.0,0.5878171,249.0,201.0,0.64054435,323.0,184.0,0.38906464,327.0,196.0,0.6046421,447.0,194.0,0.22489287,454.0,198.0,0.68263435,2,Good
Good/15.jpeg,433.0,162.0,0.69841033,446.0,165.0,0.7227509,443.0,161.0,0.6401943,461.0,189.0,0.6993817,454.0,177.0,0.5113658,435.0,214.0,0.6559153,418.0,200.0,0.66982836,366.0,166.0,0.7274378,352.0,172.0,0.2759007,334.0,99.0,0.56053203,329.0,99.0,0.4546162,294.0,200.0,0.46130925,286.0,187.0,0.64427584,215.0,192.0,0.59729207,215.0,184.0,0.31553096,90.0,189.0,0.40881285,87.0,187.0,0.39321113,2,Good
Good/16.jpeg,434.0,156.0,0.7469536,448.0,157.0,0.72385037,444.0,154.0,0.7847566,464.0,182.0,0.75814235,456.0,172.0,0.5751237,436.0,209.0,0.65528643,415.0,192.0,0.6702363,365.0,163.0,0.5979965,366.0,164.0,0.428762,332.0,103.0,0.64417666,330.0,100.0,0.41226843,312.0,204.0,0.67796,308.0,190.0,0.7217642,214.0,194.0,0.7614989,219.0,190.0,0.45627078,92.0,197.0,0.43315762,94.0,195.0,0.59464633,2,Good
Good/17.jpeg,434.0,167.0,0.65716225,445.0,171.0,0.59123594,443.0,168.0,0.77244925,460.0,197.0,0.70572436,453.0,185.0,0.4900477,433.0,217.0,0.70955926,420.0,206.0,0.6286601,367.0,170.0,0.7633963,356.0,178.0,0.27677062,335.0,103.0,0.6838242,330.0,105.0,0.33409387,292.0,207.0,0.4591374,283.0,196.0,0.6888798,216.0,188.0,0.52470976,216.0,183.0,0.2757968,94.0,187.0,0.31243542,89.0,185.0,0.3955867,2,Good
Good/19.jpeg,154.0,200.0,0.7255629,131.0,200.0,0.82103926,130.0,202.0,0.8097747,118.0,241.0,0.69853264,114.0,244.0,0.7445796,187.0,274.0,0.85750663,181.0,288.0,0.5841548,283.0,172.0,0.51607525,281.0,174.0,0.8604142,322.0,72.0,0.34565765,324.0,68.0,0.6386926,391.0,258.0,0.72222584,398.0,276.0,0.7927893,557.0,250.0,0.8764689,382.0,78.0,0.8058431,723.0,257.0,0.8713976,561.0,75.0,0.8705738,2,Good
Good/2.jpeg,557.0,237.0,0.6984837,573.0,242.0,0.7099059,574.0,241.0,0.7067064,581.0,271.0,0.5979645,581.0,269.0,0.80019814,532.0,295.0,0.67498237,526.0,284.0,0.5884943,479.0,216.0,0.8085369,481.0,217.0,0.7088929,444.0,153.0,0.70969784,442.0,153.0,0.47670656,380.0,273.0,0.7389794,383.0,261.0,0.79879135,277.0,259.0,0.7240394,291.0,248.0,0.57133204,150.0,257.0,0.7474103,256.0,234.0,0.308714,2,Good
Good/20.jpeg,150.0,184.0,0.5747188,129.0,185.0,0.7325962,128.0,187.0,0.7727501,116.0,224.0,0.7283687,110.0,229.0,0.527302,180.0,266.0,0.7971904,176.0,273.0,0.71477264,282.0,169.0,0.67471886,280.0,169.0,0.8782248,327.0,80.0,0.3469468,332.0,66.0,0.70371234,393.0,263.0,0.63168514,393.0,278.0,0.75360376,551.0,262.0,0.7947511,389.0,81.0,0.8313907,723.0,280.0,0.83606803,571.0,89.0,0.9032286,2,Good
Good/21.jpeg,589.0,193.0,0.7026447,608.0,199.0,0.8576755,610.0,197.0,0.80225277,625.0,237.0,0.82333845,624.0,234.0,0.5619553,570.0,279.0,0.80601156,560.0,263.0,0.6386248,458.0,175.0,0.7286892,459.0,174.0,0.653268,409.0,67.0,0.5205822,411.0,74.0,0.28936875,366.0,283.0,0.68663275,369.0,270.0,0.6234752,358.0,83.0,0.72120523,199.0,256.0,0.64336014,172.0,81.0,0.89977866,26.0,268.0,0.8937769,2,Good
Good/23.jpeg,590.0,202.0,0.7368927,608.0,207.0,0.76442814,610.0,206.0,0.6951418,621.0,244.0,0.7677008,623.0,240.0,0.8182472,566.0,280.0,0.646607,563.0,275.0,0.66419196,464.0,180.0,0.8552012,461.0,178.0,0.48417968,414.0,68.0,0.47446534,416.0,69.0,0.28411826,363.0,282.0,0.6591845,368.0,273.0,0.64958304,361.0,82.0,0.7762359,192.0,249.0,0.7399531,181.0,74.0,0.85817885,21.0,256.0,0.8888229,2,Good
Good/24.jpeg,245.0,664.0,0.6385419,192.0,675.0,0.7007943,180.0,681.0,0.8157247,165.0,789.0,0.65776104,158.0,815.0,0.82431066,382.0,777.0,0.76261765,340.0,901.0,0.7425799,629.0,508.0,0.15058549,649.0,538.0,0.87129426,788.0,203.0,0.6144534,795.0,208.0,0.56137043,907.0,756.0,0.73995936,934.0,867.0,0.81934756,712.0,457.0,0.43178686,1414.0,777.0,0.85053635,1081.0,451.0,0.74601054,1977.0,823.0,0.8678106,2,Good
Good/25.jpeg,243.0,700.0,0.6364891,192.0,711.0,0.6567502,183.0,714.0,0.8201066,172.0,828.0,0.6526831,161.0,851.0,0.74287856,387.0,789.0,0.6640447,358.0,927.0,0.83822423,624.0,531.0,0.22234039,647.0,550.0,0.79266244,765.0,230.0,0.43451092,779.0,228.0,0.3515185,911.0,748.0,0.5932348,940.0,870.0,0.68919194,672.0,485.0,0.59309995,1427.0,763.0,0.8164709,1078.0,450.0,0.76005983,1993.0,788.0,0.8793086,2,Good
Good/27.jpeg,1892.0,667.0,0.5984608,1946.0,689.0,0.70134777,1945.0,680.0,0.7062446,1959.0,802.0,0.72199404,1955.0,779.0,0.7381927,1801.0,880.0,0.7752444,1732.0,776.0,0.73910743,1495.0,543.0,0.6169517,1509.0,523.0,0.5369738,1340.0,207.0,0.6400963,1380.0,293.0,0.3564437,1216.0,890.0,0.63870054,1235.0,786.0,0.7605653,691.0,772.0,0.8125042,1496.0,503.0,0.5163277,153.0,818.0,0.6959618,1057.0,456.0,0.55111337,2,Good
Good/28.jpeg,1893.0,635.0,0.6115106,1952.0,656.0,0.6306386,1949.0,649.0,0.7619682,1966.0,782.0,0.822131,1955.0,748.0,0.7482025,1795.0,875.0,0.89016795,1728.0,738.0,0.6895032,1487.0,541.0,0.5450433,1509.0,507.0,0.76280355,1310.0,206.0,0.39438152,1387.0,290.0,0.3093118,1211.0,880.0,0.7619087,1232.0,751.0,0.7800653,714.0,793.0,0.90186703,1516.0,460.0,0.7401301,156.0,846.0,0.866264,1040.0,456.0,0.5630894,2,Good
Good/29.jpeg,1893.0,700.0,0.6288823,1947.0,725.0,0.69199014,1943.0,718.0,0.71808195,1949.0,841.0,0.8571872,1940.0,817.0,0.75444615,1774.0,912.0,0.68496,1719.0,798.0,0.65943485,1491.0,570.0,0.65827745,1508.0,543.0,0.6546121,1360.0,228.0,0.36930636,1391.0,297.0,0.42023656,1192.0,895.0,0.6692057,1205.0,792.0,0.601825,657.0,759.0,0.878886,1527.0,507.0,0.68822455,137.0,785.0,0.8763957,1057.0,455.0,0.5889225,2,Good
Good/3.jpeg,194.0,233.0,0.75720704,180.0,232.0,0.77106273,178.0,235.0,0.6844544,171.0,260.0,0.8373298,166.0,264.0,0.71308213,213.0,276.0,0.5922508,205.0,287.0,0.75709534,268.0,214.0,0.7422601,267.0,216.0,0.6533694,305.0,155.0,0.61534745,304.0,155.0,0.73715687,362.0,259.0,0.67896056,364.0,273.0,0.7676847,452.0,244.0,0.41425377,465.0,265.0,0.6123269,497.0,234.0,0.3307221,600.0,264.0,0.7911394,2,Good
Good/30.jpeg,641.0,174.0,0.6584001,652.0,165.0,0.5609305,652.0,167.0,0.5205621,672.0,175.0,0.605017,681.0,183.0,0.57822335,643.0,221.0,0.6847138,674.0,248.0,0.71851695,532.0,253.0,0.5859398,605.0,300.0,0.44678113,497.0,216.0,0.6222933,535.0,247.0,0.14854062,466.0,270.0,0.6845715,475.0,283.0,0.5143038,312.0,251.0,0.5782822,320.0,261.0,0.5555199,171.0,312.0,0.6482957,174.0,308.0,0.6257882,2,Good
Good/31.jpeg,638.0,168.0,0.5886144,646.0,158.0,0.56180894,647.0,160.0,0.42247972,669.0,167.0,0.6409023,680.0,173.0,0.49842265,636.0,217.0,0.59924567,678.0,238.0,0.6726093,533.0,254.0,0.61187226,615.0,292.0,0.42374873,502.0,215.0,0.5466672,541.0,234.0,0.25324187,465.0,273.0,0.73614085,479.0,275.0,0.62812155,313.0,257.0,0.65990037,324.0,261.0,0.5044178,177.0,322.0,0.6817651,181.0,317.0,0.5469238,2,Good
Good/36.jpeg,269.0,381.0,0.79360867,235.0,392.0,0.6621081,228.0,397.0,0.7911157,237.0,459.0,0.6243388,229.0,483.0,0.75429744,367.0,464.0,0.4744035,334.0,550.0,0.76401675,483.0,350.0,0.46179402,478.0,380.0,0.82853127,572.0,183.0,0.8169392,576.0,188.0,0.50918055,715.0,493.0,0.752831,708.0,561.0,0.68828297,844.0,239.0,0.7280918,1016.0,508.0,0.84278494,1000.0,498.0,0.36383575,1361.0,570.0,0.81549627,2,Good
Good/37.jpeg,271.0,402.0,0.8202364,236.0,414.0,0.72231257,229.0,417.0,0.7059265,237.0,487.0,0.5993263,233.0,499.0,0.62715334,373.0,488.0,0.7704774,334.0,563.0,0.7401949,485.0,371.0,0.5322841,479.0,395.0,0.7917802,567.0,195.0,0.8060679,566.0,199.0,0.46946135,718.0,492.0,0.77425367,713.0,564.0,0.7496795,829.0,235.0,0.89303476,1013.0,501.0,0.71996796,1001.0,488.0,0.3368673,1358.0,549.0,0.86425847,2,Good
Good/39.jpeg,1328.0,378.0,0.7180406,1365.0,402.0,0.78692746,1362.0,389.0,0.48171887,1370.0,485.0,0.7648502,1360.0,455.0,0.6299436,1262.0,559.0,0.7999613,1216.0,453.0,0.49707037,1117.0,374.0,0.76756454,1116.0,368.0,0.6127786,1028.0,189.0,0.5441077,1012.0,179.0,0.6598886,884.0,579.0,0.85182226,887.0,491.0,0.84777284,585.0,507.0,0.74656135,760.0,233.0,0.8391028,227.0,570.0,0.9393819,604.0,473.0,0.36366266,2,Good
Good/4.jpeg,194.0,240.0,0.6557984,181.0,240.0,0.73450935,179.0,242.0,0.81916827,172.0,269.0,0.64898396,170.0,271.0,0.8516522,214.0,285.0,0.6938914,212.0,285.0,0.39846987,269.0,217.0,0.553216,269.0,218.0,0.75383717,305.0,154.0,0.42617258,306.0,151.0,0.55396867,364.0,262.0,0.49785554,365.0,273.0,0.7645087,459.0,244.0,0.43376288,466.0,261.0,0.67156136,501.0,230.0,0.26752055,602.0,254.0,0.83478016,2,Good
Good/40.jpeg,1324.0,358.0,0.70427006,1365.0,382.0,0.68742555,1361.0,365.0,0.46948227,1372.0,468.0,0.8678447,1359.0,439.0,0.54584646,1259.0,548.0,0.7680946,1210.0,432.0,0.440114,1115.0,368.0,0.72533625,1116.0,353.0,0.6069779,1020.0,179.0,0.62755746,1010.0,175.0,0.6719272,880.0,577.0,0.8483026,883.0,492.0,0.8495341,583.0,514.0,0.7170755,752.0,235.0,0.89877045,223.0,590.0,0.8741309,606.0,489.0,0.43689677,2,Good
Good/41.jpeg,1329.0,398.0,0.725258,1368.0,423.0,0.64722717,1364.0,411.0,0.67428267,1371.0,503.0,0.7722932,1364.0,474.0,0.6513764,1257.0,574.0,0.8868411,1210.0,463.0,0.49201512,1125.0,392.0,0.7783863,1119.0,375.0,0.5615635,1038.0,190.0,0.69532824,1025.0,177.0,0.7119371,885.0,581.0,0.7846413,887.0,489.0,0.7858143,587.0,499.0,0.8090099,765.0,232.0,0.8272088,229.0,548.0,0.87326145,602.0,477.0,0.4285657,2,Good
Good/42.jpeg,100.0,182.0,0.71597904,90.0,180.0,0.77105093,90.0,182.0,0.7879621,79.0,201.0,0.840135,77.0,204.0,0.8495045,108.0,213.0,0.52027786,104.0,230.0,0.7331507,153.0,164.0,0.38402972,154.0,166.0,0.5430634,181.0,133.0,0.17824689,189.0,114.0,0.3177839,212.0,219.0,0.64165807,214.0,233.0,0.7931924,218.0,130.0,0.70341635,325.0,203.0,0.7282688,292.0,179.0,0.45636952,432.0,206.0,0.6954338,2,Good
Good/43.jpeg,103.0,188.0,0.72624475,91.0,186.0,0.7926137,91.0,187.0,0.8589808,81.0,206.0,0.70558167,78.0,208.0,0.7886231,111.0,219.0,0.45703346,108.0,233.0,0.7962187,156.0,168.0,0.45101634,157.0,170.0,0.5805231,182.0,129.0,0.20519821,187.0,116.0,0.3128194,219.0,221.0,0.63967997,221.0,235.0,0.8482475,220.0,135.0,0.6966767,329.0,201.0,0.71139526,298.0,176.0,0.39139748,430.0,200.0,0.77421576,2,Good
Good/44.jpeg,101.0,178.0,0.6883612,91.0,175.0,0.79484206,91.0,176.0,0.8055676,78.0,196.0,0.8516632,77.0,197.0,0.7585797,103.0,215.0,0.5112062,103.0,220.0,0.6328792,151.0,168.0,0.35033563,151.0,167.0,0.49413538,170.0,160.0,0.15144373,190.0,112.0,0.29892525,211.0,219.0,0.44227403,212.0,231.0,0.77126116,222.0,129.0,0.7327058,327.0,204.0,0.83540004,294.0,179.0,0.4616962,418.0,214.0,0.42373064,2,Good
Good/46.jpeg,398.0,176.0,0.5705771,410.0,176.0,0.6881926,407.0,176.0,0.7895427,423.0,195.0,0.86086655,421.0,194.0,0.84657997,397.0,222.0,0.6058166,390.0,212.0,0.63110346,343.0,163.0,0.6039968,344.0,162.0,0.6373589,312.0,107.0,0.29306057,311.0,108.0,0.5034912,281.0,227.0,0.6697255,288.0,210.0,0.80100054,178.0,206.0,0.82460225,275.0,133.0,0.86745745,81.0,211.0,0.78271306,209.0,178.0,0.54901487,2,Good
Good/48.jpeg,896.0,340.0,0.6603018,914.0,345.0,0.6015217,915.0,345.0,0.7929499,926.0,384.0,0.83446056,925.0,383.0,0.7982623,860.0,413.0,0.6653657,861.0,396.0,0.7684261,786.0,329.0,0.5397151,784.0,330.0,0.55154556,731.0,243.0,0.5397821,733.0,243.0,0.6066869,675.0,424.0,0.5117273,678.0,406.0,0.83804816,547.0,405.0,0.8559085,556.0,389.0,0.6988741,402.0,420.0,0.807402,430.0,392.0,0.67087233,2,Good
Good/49.jpeg,900.0,332.0,0.63215023,918.0,337.0,0.6545104,919.0,336.0,0.6671913,926.0,375.0,0.88598514,926.0,374.0,0.8378079,866.0,406.0,0.57603586,860.0,386.0,0.7213399,781.0,323.0,0.46294442,778.0,322.0,0.505128,727.0,236.0,0.5743866,727.0,237.0,0.60351837,682.0,421.0,0.7791063,683.0,402.0,0.8452351,544.0,410.0,0.7855728,557.0,388.0,0.6908403,399.0,426.0,0.68895215,435.0,396.0,0.67523915,2,Good
Good/50.jpeg,899.0,348.0,0.4706504,917.0,356.0,0.70848894,917.0,355.0,0.79120314,923.0,395.0,0.8299062,922.0,393.0,0.7815463,856.0,417.0,0.81837994,857.0,406.0,0.6495051,784.0,328.0,0.61833286,778.0,329.0,0.52024376,736.0,244.0,0.7666158,734.0,245.0,0.5282042,673.0,423.0,0.78785646,675.0,404.0,0.85346293,546.0,401.0,0.78520226,554.0,382.0,0.80746716,401.0,411.0,0.78681827,429.0,384.0,0.74835104,2,Good
Good/52.jpeg,384.0,345.0,0.6463761,365.0,347.0,0.6282216,363.0,348.0,0.6768883,359.0,391.0,0.75156504,357.0,394.0,0.802542,425.0,413.0,0.75872946,422.0,420.0,0.67903566,488.0,355.0,0.44875175,489.0,342.0,0.39597338,533.0,281.0,0.2143401,537.0,250.0,0.6378549,627.0,398.0,0.5700461,631.0,416.0,0.6927806,723.0,384.0,0.7872433,732.0,406.0,0.46024597,864.0,381.0,0.70954615,885.0,408.0,0.77908146,2,Good
Good/53.jpeg,378.0,329.0,0.6496696,357.0,332.0,0.8064446,356.0,334.0,0.79704446,355.0,371.0,0.8723574,354.0,374.0,0.85078526,418.0,398.0,0.66118455,415.0,400.0,0.54779756,497.0,331.0,0.43976116,497.0,320.0,0.39517087,542.0,258.0,0.23951094,547.0,238.0,0.71677756,619.0,394.0,0.6793947,622.0,412.0,0.67930233,724.0,388.0,0.7642301,727.0,410.0,0.6493621,857.0,393.0,0.6803911,879.0,427.0,0.84110755,2,Good
Good/54.jpeg,302.0,270.0,0.6060802,274.0,276.0,0.74853456,275.0,278.0,0.75191313,265.0,328.0,0.79024583,267.0,333.0,0.79698,362.0,378.0,0.7885659,369.0,394.0,0.7243431,512.0,403.0,0.32975763,527.0,431.0,0.66160387,566.0,306.0,0.35505995,572.0,308.0,0.55687326,608.0,359.0,0.60114175,620.0,397.0,0.69355875,862.0,345.0,0.73168206,874.0,361.0,0.58347833,1064.0,352.0,0.5314659,1062.0,357.0,0.5675526,2,Good
Good/55.jpeg,302.0,281.0,0.5679028,274.0,287.0,0.71463895,275.0,289.0,0.7245545,266.0,341.0,0.79886013,269.0,345.0,0.790293,360.0,390.0,0.5979279,370.0,405.0,0.6247057,523.0,417.0,0.43011788,536.0,434.0,0.52197987,565.0,309.0,0.2799234,572.0,309.0,0.6207887,609.0,369.0,0.53622043,622.0,397.0,0.47064388,863.0,342.0,0.74697626,873.0,354.0,0.5973931,1064.0,338.0,0.5356327,1061.0,343.0,0.5718498,2,Good
Good/56.jpeg,303.0,263.0,0.5611908,277.0,265.0,0.78834933,278.0,268.0,0.85200924,270.0,315.0,0.82220274,272.0,321.0,0.71025324,357.0,369.0,0.7419642,361.0,381.0,0.75339466,506.0,408.0,0.37113634,518.0,421.0,0.6153942,570.0,302.0,0.27089435,577.0,305.0,0.5878982,607.0,365.0,0.62166554,613.0,392.0,0.55583304,867.0,358.0,0.7636207,875.0,362.0,0.52196896,1080.0,370.0,0.6548571,1080.0,371.0,0.6095494,2,Good
Good/57.jpeg,971.0,274.0,0.6569358,998.0,279.0,0.6295472,998.0,278.0,0.54524887,1015.0,332.0,0.73557115,1012.0,326.0,0.74916613,930.0,388.0,0.6313158,913.0,356.0,0.7688983,765.0,429.0,0.671978,773.0,389.0,0.3799244,708.0,312.0,0.48319238,718.0,308.0,0.42381245,652.0,405.0,0.7798718,665.0,374.0,0.62932533,427.0,365.0,0.4777182,422.0,348.0,0.64601153,197.0,354.0,0.6123323,206.0,348.0,0.70610046,2,Good
Good/6.jpeg,259.0,260.0,0.78845286,244.0,256.0,0.6929993,244.0,258.0,0.752743,230.0,292.0,0.69024014,230.0,292.0,0.7175128,280.0,319.0,0.7423648,274.0,317.0,0.7404697,352.0,257.0,0.59280264,356.0,239.0,0.71970624,415.0,163.0,0.34810382,415.0,159.0,0.67077065,472.0,300.0,0.70487434,473.0,304.0,0.6872543,603.0,294.0,0.50144523,601.0,298.0,0.36344334,713.0,284.0,0.12813182,730.0,287.0,0.2047468,2,Good
Good/60.jpeg,153.0,360.0,0.48811895,142.0,352.0,0.56845117,126.0,367.0,0.5516649,129.0,391.0,0.64339745,100.0,424.0,0.47197002,256.0,398.0,0.69068843,129.0,443.0,0.6865437,450.0,302.0,0.68015647,160.0,260.0,0.7942073,548.0,137.0,0.6104276,199.0,64.0,0.8364641,482.0,473.0,0.7181562,430.0,497.0,0.6721253,752.0,446.0,0.4325791,719.0,461.0,0.59409845,1036.0,538.0,0.6827542,1040.0,579.0,0.693265,2,Good
Good/63.jpeg,1146.0,348.0,0.65074134,1171.0,359.0,0.7185518,1161.0,356.0,0.59516186,1188.0,421.0,0.7975114,1165.0,408.0,0.70614654,1160.0,455.0,0.78719455,1024.0,416.0,0.6000418,1131.0,259.0,0.81908387,842.0,295.0,0.66152984,1095.0,51.0,0.7590535,757.0,135.0,0.51925606,868.0,466.0,0.7017017,818.0,440.0,0.82935864,585.0,456.0,0.78013325,569.0,464.0,0.56292194,255.0,567.0,0.7236617,262.0,556.0,0.78300637,2,Good
Good/64.jpeg,1143.0,335.0,0.60151094,1171.0,344.0,0.6567452,1160.0,345.0,0.7471551,1190.0,399.0,0.7510976,1166.0,392.0,0.6101361,1169.0,425.0,0.77904516,1040.0,408.0,0.5466873,1134.0,239.0,0.7965489,840.0,291.0,0.7239464,1086.0,43.0,0.7833066,747.0,137.0,0.56988,874.0,457.0,0.7838683,829.0,444.0,0.7963904,593.0,453.0,0.8188701,578.0,472.0,0.74160856,269.0,578.0,0.69344455,275.0,571.0,0.7063566,2,Good
Good/66.jpeg,371.0,212.0,0.7948213,383.0,219.0,0.82923746,382.0,217.0,0.64833903,381.0,242.0,0.8733654,379.0,238.0,0.71113884,347.0,254.0,0.76297134,341.0,233.0,0.6517125,288.0,197.0,0.37482086,282.0,193.0,0.517132,282.0,136.0,0.5364755,248.0,135.0,0.64429516,216.0,260.0,0.7013368,222.0,247.0,0.79427856,139.0,243.0,0.5831141,140.0,235.0,0.6168955,56.0,249.0,0.694199,59.0,246.0,0.7330513,2,Good
Good/67.jpeg,368.0,207.0,0.5530151,380.0,214.0,0.71958166,380.0,211.0,0.73981047,379.0,237.0,0.73475605,377.0,232.0,0.80829906,344.0,249.0,0.6665305,338.0,227.0,0.66120166,280.0,195.0,0.459708,280.0,192.0,0.48069793,276.0,135.0,0.63106745,246.0,134.0,0.56818646,214.0,259.0,0.72890866,220.0,245.0,0.78771245,136.0,247.0,0.7019636,138.0,237.0,0.61341006,52.0,258.0,0.63503253,57.0,249.0,0.69302416,2,Good
Good/68.jpeg,372.0,217.0,0.6923578,383.0,223.0,0.5661026,383.0,222.0,0.75678355,381.0,245.0,0.64988863,379.0,243.0,0.86225176,347.0,258.0,0.5187973,341.0,241.0,0.59050316,292.0,195.0,0.36798775,283.0,194.0,0.5647813,289.0,136.0,0.5126465,259.0,137.0,0.40164104,217.0,259.0,0.6767419,223.0,248.0,0.6625342,141.0,238.0,0.81295174,143.0,231.0,0.5395368,58.0,244.0,0.8040191,61.0,239.0,0.6307202,2,Good
Good/70.jpeg,102.0,215.0,0.7121787,94.0,220.0,0.7131705,95.0,222.0,0.6407899,97.0,243.0,0.8396827,97.0,245.0,0.7806442,128.0,242.0,0.6275311,137.0,257.0,0.6579535,172.0,186.0,0.53568023,192.0,195.0,0.34315807,197.0,134.0,0.58323014,223.0,133.0,0.6716012,264.0,244.0,0.70128167,269.0,257.0,0.65112203,331.0,231.0,0.64996195,340.0,239.0,0.6132109,417.0,238.0,0.54514694,419.0,240.0,0.6206402,2,Good
Good/71.jpeg,107.0,208.0,0.8421081,97.0,212.0,0.8322908,97.0,213.0,0.622755,101.0,233.0,0.8110261,102.0,236.0,0.6679895,133.0,234.0,0.6677407,136.0,250.0,0.611107,181.0,185.0,0.3687939,197.0,197.0,0.31870353,208.0,136.0,0.47465926,228.0,138.0,0.5554804,258.0,243.0,0.76734024,261.0,258.0,0.74290544,336.0,235.0,0.6606876,339.0,248.0,0.8514902,418.0,249.0,0.5250027,426.0,254.0,0.72636354,2,Good
Good/73.jpeg,426.0,138.0,0.7449373,438.0,142.0,0.72788626,438.0,141.0,0.6875293,444.0,166.0,0.7607997,443.0,164.0,0.80303186,405.0,182.0,0.5590037,392.0,174.0,0.7990829,359.0,118.0,0.55806226,363.0,117.0,0.7841356,328.0,63.0,0.5480196,328.0,60.0,0.5709915,266.0,179.0,0.59676415,276.0,163.0,0.7928689,173.0,160.0,0.8965176,329.0,89.0,0.62221324,66.0,168.0,0.8627111,239.0,115.0,0.58991665,2,Good
Good/75.jpeg,74.0,148.0,0.6713868,63.0,146.0,0.61360353,60.0,149.0,0.764775,56.0,171.0,0.7587738,51.0,175.0,0.5298956,96.0,183.0,0.61516863,90.0,190.0,0.51608396,138.0,123.0,0.7192618,136.0,124.0,0.7869387,169.0,66.0,0.36046758,167.0,66.0,0.56623465,231.0,167.0,0.7151941,230.0,172.0,0.75471157,327.0,157.0,0.90409124,162.0,92.0,0.55747056,432.0,162.0,0.3531531,252.0,116.0,0.5696441,2,Good
Good/76.jpeg,75.0,153.0,0.5542104,62.0,152.0,0.51859784,60.0,154.0,0.73637676,55.0,178.0,0.73349,53.0,181.0,0.80135655,97.0,189.0,0.6943014,93.0,196.0,0.6018118,137.0,128.0,0.70928645,135.0,126.0,0.8577922,164.0,67.0,0.42383793,163.0,67.0,0.52510786,230.0,166.0,0.6520531,231.0,174.0,0.730244,326.0,154.0,0.67921215,163.0,94.0,0.6048529,429.0,158.0,0.17350052,253.0,116.0,0.5450793,2,Good
Good/77.jpeg,74.0,140.0,0.6802195,62.0,139.0,0.60461557,60.0,141.0,0.7779694,53.0,164.0,0.6194094,51.0,166.0,0.5034146,94.0,176.0,0.57601756,89.0,187.0,0.72329473,139.0,120.0,0.6261832,139.0,120.0,0.81164145,169.0,63.0,0.41608858,170.0,65.0,0.43127352,230.0,165.0,0.600335,230.0,172.0,0.63696635,327.0,159.0,0.78021634,164.0,87.0,0.5915264,431.0,168.0,0.26550618,255.0,117.0,0.491017,2,Good
Good/79.jpeg,426.0,224.0,0.6532071,442.0,232.0,0.61197287,440.0,231.0,0.6883237,443.0,263.0,0.79030347,441.0,259.0,0.61045516,400.0,279.0,0.64445263,379.0,256.0,0.6625217,297.0,220.0,0.30736214,290.0,213.0,0.4174528,251.0,152.0,0.14426619,253.0,142.0,0.44050744,198.0,273.0,0.64685184,198.0,262.0,0.8368324,44.0,239.0,0.62963027,44.0,233.0,0.6356903,79.0,391.0,0.736004,79.0,370.0,0.6824881,2,Good
Good/8.jpeg,259.0,253.0,0.69520867,244.0,248.0,0.7210574,243.0,250.0,0.7473859,232.0,283.0,0.71042955,228.0,284.0,0.54888594,281.0,314.0,0.83762413,274.0,309.0,0.63531846,353.0,252.0,0.52936035,355.0,235.0,0.7594693,418.0,162.0,0.4620662,420.0,158.0,0.6325499,478.0,296.0,0.6311372,480.0,302.0,0.67456365,603.0,297.0,0.43682116,614.0,310.0,0.3244999,721.0,286.0,0.10784734,739.0,295.0,0.190436,2,Good
Good/82.jpeg,65.0,235.0,0.5209592,56.0,240.0,0.56818247,54.0,241.0,0.67571086,59.0,272.0,0.52780026,50.0,275.0,0.59176975,105.0,275.0,0.29206893,93.0,276.0,0.21276613,155.0,225.0,0.4768234,165.0,246.0,0.3387852,212.0,173.0,0.40028584,215.0,176.0,0.39996135,276.0,256.0,0.7608378,276.0,272.0,0.69093215,442.0,225.0,0.25316873,442.0,222.0,0.7666258,417.0,377.0,0.48498657,416.0,379.0,0.7128062,2,Good
Good/83.jpeg,64.0,222.0,0.7079463,53.0,228.0,0.84117085,52.0,230.0,0.81777203,54.0,259.0,0.8102414,49.0,260.0,0.78815275,100.0,265.0,0.43350008,88.0,283.0,0.6192364,156.0,214.0,0.4643083,172.0,245.0,0.2601398,220.0,170.0,0.36266148,223.0,173.0,0.57605493,276.0,263.0,0.479102,277.0,275.0,0.5766812,442.0,241.0,0.28916684,447.0,237.0,0.7083734,405.0,383.0,0.5743735,408.0,389.0,0.76108116,2,Good
Good/84.jpeg,273.0,149.0,0.66683954,279.0,158.0,0.66593,278.0,156.0,0.7178318,270.0,176.0,0.7934785,271.0,174.0,0.74948245,236.0,172.0,0.76181054,231.0,165.0,0.44319683,195.0,126.0,0.6704385,198.0,127.0,0.73810065,183.0,82.0,0.4051821,182.0,83.0,0.37029234,148.0,164.0,0.6522555,146.0,159.0,0.7219696,76.0,152.0,0.6711492,76.0,146.0,0.4801594,77.0,221.0,0.5438707,81.0,217.0,0.57320553,2,Good
Good/85.jpeg,273.0,146.0,0.6823996,279.0,155.0,0.67769754,279.0,153.0,0.7339763,271.0,173.0,0.8368595,272.0,170.0,0.7162473,236.0,169.0,0.6905016,231.0,164.0,0.45208454,194.0,126.0,0.41474885,194.0,124.0,0.62853163,179.0,79.0,0.42914784,179.0,79.0,0.5698676,146.0,164.0,0.6530183,145.0,160.0,0.5749898,76.0,153.0,0.6403978,78.0,152.0,0.3046173,80.0,223.0,0.5069119,83.0,221.0,0.53760463,2,Good
Good/86.jpeg,273.0,155.0,0.7150473,278.0,163.0,0.67977434,278.0,161.0,0.71609354,269.0,180.0,0.6100866,270.0,178.0,0.7518731,236.0,176.0,0.722472,229.0,168.0,0.50363755,197.0,127.0,0.57686013,198.0,128.0,0.7328981,186.0,87.0,0.3678781,184.0,88.0,0.4774051,147.0,164.0,0.5898964,146.0,159.0,0.6986861,77.0,148.0,0.6831475,77.0,144.0,0.47069335,76.0,219.0,0.54714555,79.0,215.0,0.60220987,2,Good
Good/87.jpeg,44.0,151.0,0.5597075,40.0,157.0,0.5719617,40.0,158.0,0.4470023,48.0,172.0,0.801228,47.0,175.0,0.71578723,87.0,164.0,0.4134946,86.0,174.0,0.5043343,120.0,130.0,0.56881386,120.0,129.0,0.46650416,135.0,84.0,0.5401057,135.0,86.0,0.4608072,177.0,158.0,0.4890419,178.0,165.0,0.5415811,238.0,145.0,0.35965934,246.0,147.0,0.44783473,240.0,216.0,0.2992568,242.0,219.0,0.71911395,2,Good
Good/88.jpeg,44.0,156.0,0.5789264,39.0,161.0,0.5226235,40.0,163.0,0.5026412,48.0,176.0,0.8284625,48.0,179.0,0.79336965,86.0,164.0,0.4839412,87.0,179.0,0.45155185,120.0,130.0,0.6100835,120.0,133.0,0.45380062,131.0,88.0,0.7098794,131.0,90.0,0.3095684,173.0,158.0,0.5904099,177.0,168.0,0.6023851,236.0,138.0,0.18233274,245.0,145.0,0.43865874,242.0,213.0,0.47197932,244.0,215.0,0.66856605,2,Good
Good/89.jpeg,43.0,149.0,0.5749135,39.0,154.0,0.45194945,39.0,155.0,0.533031,47.0,169.0,0.7820149,46.0,171.0,0.8232711,86.0,158.0,0.5857376,85.0,171.0,0.5886527,123.0,128.0,0.6710264,123.0,128.0,0.6162931,139.0,80.0,0.5864338,139.0,81.0,0.33227262,174.0,159.0,0.6197145,175.0,169.0,0.62518287,240.0,146.0,0.3138165,246.0,151.0,0.43622798,237.0,218.0,0.41594195,239.0,220.0,0.5620614,2,Good
Good/9.jpeg,736.0,258.0,0.6550887,756.0,262.0,0.7165933,755.0,259.0,0.76544255,772.0,293.0,0.64094603,772.0,292.0,0.7235705,732.0,331.0,0.85174936,712.0,321.0,0.52922195,644.0,244.0,0.74684817,642.0,252.0,0.62939495,586.0,162.0,0.55931497,580.0,170.0,0.52701074,510.0,307.0,0.67166626,508.0,299.0,0.83038616,383.0,293.0,0.33235008,398.0,299.0,0.5337203,280.0,298.0,0.17539355,272.0,285.0,0.26376924,2,Good
Perfect/0.jpeg,600.0,177.0,0.6584512,618.0,179.0,0.805949,601.0,170.0,0.5439669,636.0,214.0,0.7712097,605.0,190.0,0.6736269,620.0,243.0,0.74598,540.0,201.0,0.627114,574.0,168.0,0.76947314,476.0,164.0,0.5821127,539.0,85.0,0.7279431,449.0,90.0,0.7530702,450.0,240.0,0.68178964,434.0,222.0,0.7286782,322.0,218.0,0.7464804,318.0,209.0,0.42392477,153.0,222.0,0.69941425,158.0,210.0,0.57281774,3,Perfect
Perfect/1.jpeg,589.0,174.0,0.60539806,611.0,174.0,0.6886739,594.0,165.0,0.74307406,635.0,204.0,0.66662186,603.0,182.0,0.67289716,617.0,239.0,0.8575758,544.0,200.0,0.6344633,569.0,162.0,0.6473587,479.0,170.0,0.44846946,538.0,75.0,0.8000546,443.0,88.0,0.6277696,425.0,235.0,0.59863704,402.0,216.0,0.5554839,323.0,220.0,0.6306891,320.0,203.0,0.70422864,149.0,235.0,0.65296054,167.0,221.0,0.3424466,3,Perfect
Perfect/10.jpeg,1039.0,348.0,0.5805082,1077.0,342.0,0.68790007,1064.0,340.0,0.807842,1131.0,383.0,0.7289831,1117.0,382.0,0.68611944,1060.0,458.0,0.7187619,1004.0,439.0,0.66140777,910.0,284.0,0.76559603,840.0,338.0,0.6618818,807.0,178.0,0.7009254,757.0,221.0,0.5279897,703.0,502.0,0.7463246,690.0,466.0,0.7622134,457.0,469.0,0.7862384,454.0,449.0,0.50797856,157.0,484.0,0.51628613,155.0,478.0,0.768113,3,Perfect
Perfect/100.jpeg,1285.0,951.0,0.8127586,1252.0,940.0,0.7681778,1252.0,939.0,0.6747595,1210.0,993.0,0.7665917,1203.0,991.0,0.70812243,1291.0,1075.0,0.72261685,1276.0,1052.0,0.7426716,1387.0,981.0,0.1954886,1420.0,890.0,0.7308303,1527.0,706.0,0.3732651,1502.0,703.0,0.7144372,1665.0,1082.0,0.7767843,1671.0,1093.0,0.6635095,1987.0,1030.0,0.6240571,1984.0,1039.0,0.75299984,2298.0,1007.0,0.66414154,2304.0,1012.0,0.7624298,3,Perfect
Perfect/101.jpeg,1276.0,943.0,0.6018283,1245.0,929.0,0.84606487,1242.0,928.0,0.86016506,1198.0,974.0,0.8951907,1189.0,974.0,0.8211044,1278.0,1050.0,0.4872094,1257.0,1048.0,0.8211556,1430.0,902.0,0.59785295,1411.0,893.0,0.6699256,1529.0,712.0,0.47233793,1517.0,703.0,0.63623405,1655.0,1091.0,0.6035166,1655.0,1117.0,0.6121451,1971.0,1068.0,0.57502705,1972.0,1078.0,0.71789074,2278.0,1066.0,0.7351302,2281.0,1068.0,0.6427178,3,Perfect
Perfect/102.jpeg,165.0,404.0,0.49579823,137.0,396.0,0.7134499,124.0,402.0,0.7173957,95.0,450.0,0.74411887,70.0,468.0,0.8619582,202.0,499.0,0.5252503,104.0,524.0,0.60561746,367.0,332.0,0.80197364,205.0,342.0,0.87464726,441.0,188.0,0.683925,293.0,149.0,0.6712923,503.0,496.0,0.65586257,496.0,524.0,0.59812576,792.0,482.0,0.696463,791.0,508.0,0.774409,1086.0,507.0,0.6470422,1097.0,519.0,0.64045393,3,Perfect
Perfect/103.jpeg,167.0,422.0,0.47185338,141.0,415.0,0.6504984,125.0,423.0,0.75592303,101.0,463.0,0.6171772,75.0,491.0,0.8186201,209.0,498.0,0.4415118,114.0,537.0,0.6645395,368.0,344.0,0.7780625,200.0,365.0,0.7999977,433.0,190.0,0.7626589,293.0,167.0,0.9005704,507.0,498.0,0.7401192,494.0,533.0,0.6620367,798.0,474.0,0.637865,797.0,496.0,0.770994,1090.0,490.0,0.6493763,1103.0,497.0,0.6351578,3,Perfect
Perfect/104.jpeg,156.0,388.0,0.67042387,131.0,377.0,0.788127,122.0,384.0,0.6465841,89.0,430.0,0.7342126,65.0,448.0,0.83631635,195.0,493.0,0.6298094,97.0,520.0,0.6898521,370.0,322.0,0.792584,194.0,332.0,0.8937346,456.0,174.0,0.8161355,300.0,148.0,0.90067554,496.0,489.0,0.5690121,486.0,519.0,0.6460995,780.0,485.0,0.7263501,778.0,510.0,0.8327491,1067.0,522.0,0.6472144,1083.0,540.0,0.6395393,3,Perfect
Perfect/107.jpeg,1120.0,425.0,0.5824993,1154.0,422.0,0.61129206,1141.0,417.0,0.5660192,1203.0,487.0,0.85186404,1178.0,470.0,0.6398561,1160.0,557.0,0.7935737,1041.0,504.0,0.5008071,1074.0,367.0,0.86023825,907.0,356.0,0.7066543,992.0,180.0,0.9085849,846.0,196.0,0.8073707,807.0,547.0,0.61107904,785.0,515.0,0.7256883,483.0,498.0,0.59698176,468.0,484.0,0.7097452,177.0,495.0,0.598542,187.0,495.0,0.57406306,3,Perfect
Perfect/108.jpeg,1499.0,524.0,0.7399653,1557.0,544.0,0.5996868,1558.0,537.0,0.68648195,1578.0,648.0,0.623621,1578.0,638.0,0.84293854,1413.0,719.0,0.61243653,1385.0,694.0,0.76541513,1191.0,484.0,0.70796037,1181.0,489.0,0.75043464,1051.0,269.0,0.66089773,1043.0,275.0,0.64129734,832.0,694.0,0.60808456,842.0,667.0,0.70973575,458.0,648.0,0.7640245,464.0,660.0,0.6963377,48.0,670.0,0.53561354,52.0,658.0,0.80280113,3,Perfect
Perfect/109.jpeg,1489.0,511.0,0.61481076,1549.0,523.0,0.6504397,1551.0,519.0,0.60875744,1573.0,634.0,0.78296566,1572.0,629.0,0.7342152,1419.0,709.0,0.74367833,1396.0,691.0,0.59570664,1190.0,493.0,0.7226545,1176.0,495.0,0.66778964,1030.0,273.0,0.7389516,1030.0,278.0,0.5774413,835.0,708.0,0.66881394,844.0,681.0,0.75615543,466.0,677.0,0.6855336,469.0,690.0,0.492007,50.0,707.0,0.59173536,55.0,698.0,0.7980982,3,Perfect
Perfect/11.jpeg,1043.0,373.0,0.7391515,1082.0,367.0,0.6756305,1074.0,366.0,0.47395712,1134.0,411.0,0.7602169,1125.0,413.0,0.6709225,1059.0,491.0,0.6541099,1000.0,459.0,0.5968451,917.0,313.0,0.6139855,859.0,357.0,0.59740293,816.0,193.0,0.5421666,770.0,243.0,0.6339985,699.0,518.0,0.66635454,696.0,473.0,0.6796516,447.0,467.0,0.7409606,445.0,431.0,0.87230635,162.0,455.0,0.5788852,166.0,448.0,0.6563402,3,Perfect
Perfect/110.jpeg,1508.0,531.0,0.58090556,1562.0,555.0,0.8167515,1561.0,547.0,0.77378464,1583.0,659.0,0.7912293,1577.0,650.0,0.6252283,1403.0,725.0,0.64227647,1381.0,706.0,0.5978525,1191.0,481.0,0.7690942,1184.0,486.0,0.71963066,1052.0,264.0,0.6702576,1045.0,269.0,0.63824964,829.0,680.0,0.620232,837.0,657.0,0.7316794,447.0,625.0,0.4733446,454.0,646.0,0.61268085,43.0,623.0,0.5410938,40.0,619.0,0.70282453,3,Perfect
Perfect/111.jpeg,951.0,528.0,0.7400183,903.0,532.0,0.6397209,897.0,539.0,0.582514,870.0,633.0,0.8088867,858.0,644.0,0.7556783,1037.0,705.0,0.7287633,1003.0,738.0,0.6222983,1240.0,498.0,0.5573475,1242.0,487.0,0.7284473,1391.0,272.0,0.59290093,1386.0,271.0,0.73752487,1578.0,649.0,0.5867924,1583.0,697.0,0.63463485,1972.0,645.0,0.7579793,1971.0,660.0,0.74448985,2387.0,662.0,0.56440496,2406.0,670.0,0.7127113,3,Perfect
Perfect/113.jpeg,948.0,521.0,0.6687706,902.0,521.0,0.70685273,897.0,528.0,0.6963774,868.0,626.0,0.80303985,856.0,635.0,0.75793,1033.0,701.0,0.63169146,1002.0,724.0,0.78205043,1244.0,504.0,0.55293316,1244.0,495.0,0.8322783,1406.0,279.0,0.54352826,1401.0,296.0,0.82463384,1585.0,670.0,0.6948443,1587.0,713.0,0.72944516,1971.0,672.0,0.73907655,1973.0,677.0,0.6936421,2384.0,691.0,0.63540137,2409.0,708.0,0.79205287,3,Perfect
Perfect/114.jpeg,984.0,353.0,0.57715845,1009.0,358.0,0.77592057,1002.0,351.0,0.71459603,1031.0,399.0,0.7021664,1017.0,383.0,0.5680447,964.0,403.0,0.47611758,960.0,434.0,0.5974894,889.0,279.0,0.5536983,789.0,310.0,0.58640707,847.0,158.0,0.8740449,715.0,173.0,0.4106813,710.0,415.0,0.6809472,707.0,432.0,0.81258726,484.0,417.0,0.7079232,484.0,425.0,0.5203175,238.0,404.0,0.59488344,242.0,402.0,0.6834016,3,Perfect
Perfect/115.jpeg,983.0,346.0,0.57171243,1010.0,348.0,0.6655471,991.0,340.0,0.6848984,1034.0,387.0,0.8260405,1004.0,360.0,0.4684245,993.0,398.0,0.52376145,958.0,414.0,0.5876561,889.0,272.0,0.7487274,790.0,301.0,0.59262043,840.0,149.0,0.8549524,717.0,173.0,0.40259904,720.0,421.0,0.7667968,716.0,428.0,0.78860307,501.0,424.0,0.5547687,495.0,431.0,0.5004406,248.0,422.0,0.740618,251.0,412.0,0.6444542,3,Perfect
Perfect/116.jpeg,979.0,366.0,0.6789356,1008.0,373.0,0.7887591,995.0,364.0,0.77776915,1030.0,416.0,0.7649016,1010.0,391.0,0.65971375,974.0,425.0,0.61968946,942.0,432.0,0.6195896,902.0,302.0,0.69746804,790.0,310.0,0.6448341,853.0,167.0,0.75345236,730.0,183.0,0.50935745,714.0,426.0,0.74646187,710.0,434.0,0.8090206,482.0,414.0,0.6102468,482.0,418.0,0.5466816,237.0,393.0,0.7170645,239.0,387.0,0.67744803,3,Perfect
Perfect/117.jpeg,288.0,364.0,0.7988008,275.0,350.0,0.76167184,263.0,370.0,0.54579633,267.0,380.0,0.58232033,250.0,417.0,0.5659753,328.0,417.0,0.72998524,316.0,398.0,0.29187787,473.0,307.0,0.3048959,473.0,304.0,0.42556536,551.0,177.0,0.6176824,432.0,161.0,0.5403944,580.0,436.0,0.63792574,581.0,425.0,0.7398058,808.0,422.0,0.6724346,814.0,420.0,0.62416416,1050.0,403.0,0.7465999,1052.0,403.0,0.72569627,3,Perfect
Perfect/118.jpeg,294.0,376.0,0.80104095,284.0,360.0,0.5344106,268.0,380.0,0.6625857,280.0,385.0,0.4914874,256.0,427.0,0.74972844,335.0,427.0,0.685663,322.0,405.0,0.3037164,477.0,312.0,0.49612737,476.0,314.0,0.49451792,552.0,181.0,0.62148327,429.0,161.0,0.6625056,581.0,446.0,0.7371937,585.0,430.0,0.59894174,807.0,419.0,0.62716615,818.0,409.0,0.6531398,1047.0,393.0,0.73345494,1047.0,395.0,0.68079615,3,Perfect
Perfect/119.jpeg,273.0,384.0,0.642007,277.0,353.0,0.79795104,249.0,385.0,0.65985006,290.0,347.0,0.7187527,250.0,410.0,0.7314392,329.0,402.0,0.6996,297.0,407.0,0.49060318,479.0,294.0,0.33298036,372.0,279.0,0.7382718,561.0,176.0,0.60832363,438.0,156.0,0.5733464,571.0,423.0,0.74473727,572.0,427.0,0.76180255,800.0,422.0,0.7264159,807.0,429.0,0.6109477,1043.0,419.0,0.7166894,1044.0,419.0,0.7530849,3,Perfect
Perfect/12.jpeg,54.0,140.0,0.64233816,47.0,137.0,0.64857584,45.0,137.0,0.62520546,39.0,152.0,0.6338978,33.0,155.0,0.66267866,71.0,165.0,0.4816149,55.0,173.0,0.5880891,114.0,143.0,0.25092003,94.0,142.0,0.4799919,140.0,102.0,0.4484271,133.0,97.0,0.5403712,169.0,165.0,0.72602385,166.0,172.0,0.5459172,234.0,164.0,0.41797185,229.0,162.0,0.563794,311.0,167.0,0.6163128,317.0,170.0,0.75765,3,Perfect
Perfect/13.jpeg,55.0,145.0,0.711167,49.0,142.0,0.7670051,44.0,145.0,0.6713062,43.0,154.0,0.6266652,35.0,163.0,0.67208564,79.0,155.0,0.5906058,53.0,182.0,0.69010127,106.0,134.0,0.318411,101.0,157.0,0.36334643,139.0,100.0,0.490445,130.0,100.0,0.2700483,156.0,166.0,0.7806136,151.0,177.0,0.65419245,233.0,163.0,0.5621773,227.0,163.0,0.72095037,321.0,165.0,0.49151692,324.0,166.0,0.6803065,3,Perfect
Perfect/14.jpeg,53.0,134.0,0.6200711,46.0,131.0,0.7252144,43.0,133.0,0.7074813,39.0,144.0,0.64712864,32.0,150.0,0.8316617,73.0,151.0,0.5307753,51.0,170.0,0.7865161,103.0,129.0,0.44217402,99.0,136.0,0.22269675,138.0,95.0,0.4073201,133.0,95.0,0.3045737,152.0,161.0,0.7553769,147.0,170.0,0.7425965,232.0,163.0,0.593854,226.0,163.0,0.77399486,316.0,171.0,0.4651122,319.0,173.0,0.6760148,3,Perfect
Perfect/15.jpeg,363.0,140.0,0.6915628,374.0,141.0,0.6101912,370.0,138.0,0.72969043,386.0,157.0,0.8476292,380.0,151.0,0.6488556,370.0,173.0,0.7293251,342.0,157.0,0.609162,321.0,143.0,0.45723152,293.0,137.0,0.32678825,291.0,96.0,0.47785088,266.0,96.0,0.60532475,277.0,172.0,0.7667563,267.0,157.0,0.7604198,193.0,166.0,0.5379639,193.0,162.0,0.5497927,101.0,172.0,0.71368754,107.0,168.0,0.7292548,3,Perfect
Perfect/16.jpeg,364.0,134.0,0.746266,375.0,135.0,0.74765646,372.0,132.0,0.5613842,387.0,151.0,0.7262363,381.0,145.0,0.53200215,371.0,168.0,0.8009455,342.0,153.0,0.6511549,323.0,137.0,0.24317285,296.0,136.0,0.33446962,289.0,94.0,0.52962726,273.0,95.0,0.6677626,278.0,171.0,0.6150435,268.0,158.0,0.69755316,196.0,164.0,0.71831924,193.0,162.0,0.6997705,105.0,174.0,0.73622996,110.0,172.0,0.71768486,3,Perfect
Perfect/17.jpeg,367.0,142.0,0.66513133,377.0,145.0,0.67810917,374.0,143.0,0.62820286,386.0,162.0,0.766713,380.0,156.0,0.5303159,368.0,179.0,0.7306931,341.0,159.0,0.47221124,319.0,150.0,0.36229002,290.0,138.0,0.30176964,287.0,101.0,0.54232126,270.0,101.0,0.6521059,275.0,172.0,0.7634341,264.0,157.0,0.75771445,192.0,165.0,0.73266435,189.0,161.0,0.40300605,99.0,169.0,0.7213117,106.0,165.0,0.67061234,3,Perfect
Perfect/19.jpeg,771.0,248.0,0.44057742,791.0,253.0,0.61377186,792.0,251.0,0.60991013,805.0,296.0,0.6867956,805.0,292.0,0.7601473,735.0,344.0,0.50587255,724.0,316.0,0.65472996,619.0,222.0,0.8128267,613.0,221.0,0.5013429,564.0,123.0,0.6716577,561.0,124.0,0.56208366,497.0,353.0,0.7396387,501.0,315.0,0.74641055,289.0,286.0,0.5083172,298.0,279.0,0.54574734,141.0,280.0,0.3971642,154.0,279.0,0.6494937,3,Perfect
Perfect/20.jpeg,771.0,265.0,0.6865996,794.0,275.0,0.6322399,795.0,273.0,0.68274313,807.0,317.0,0.83764297,810.0,315.0,0.76728314,725.0,359.0,0.6240067,714.0,331.0,0.65736216,623.0,232.0,0.74896246,621.0,232.0,0.65423596,577.0,127.0,0.5721463,573.0,127.0,0.5925959,491.0,347.0,0.7231294,500.0,316.0,0.75742686,300.0,276.0,0.5168873,308.0,262.0,0.5188165,134.0,258.0,0.5473666,139.0,255.0,0.64985925,3,Perfect
Perfect/21.jpeg,228.0,257.0,0.5835342,205.0,255.0,0.5556528,203.0,257.0,0.6361869,193.0,301.0,0.6065641,192.0,303.0,0.6683963,264.0,323.0,0.5095622,262.0,340.0,0.6748513,372.0,231.0,0.59711206,383.0,232.0,0.5287289,423.0,140.0,0.45814317,429.0,137.0,0.5091295,502.0,307.0,0.58970183,511.0,335.0,0.7716438,680.0,259.0,0.7278172,702.0,290.0,0.6227875,850.0,251.0,0.5135072,885.0,285.0,0.31798828,3,Perfect
Perfect/22.jpeg,225.0,267.0,0.58106995,203.0,268.0,0.5584237,202.0,270.0,0.6593511,193.0,311.0,0.73420256,189.0,315.0,0.7959031,268.0,328.0,0.59885323,262.0,352.0,0.5854503,373.0,237.0,0.50839555,379.0,236.0,0.49346098,420.0,144.0,0.5658536,422.0,148.0,0.6308681,496.0,307.0,0.6990936,505.0,339.0,0.7952474,677.0,250.0,0.70919454,699.0,283.0,0.56100315,857.0,245.0,0.6608343,878.0,254.0,0.49957478,3,Perfect
Perfect/23.jpeg,229.0,250.0,0.6977257,206.0,250.0,0.6797277,205.0,252.0,0.68975,193.0,292.0,0.78510875,189.0,296.0,0.792366,267.0,317.0,0.64761955,261.0,333.0,0.47739297,375.0,228.0,0.49108073,379.0,228.0,0.47044757,428.0,138.0,0.38075718,433.0,139.0,0.6690772,497.0,304.0,0.7474861,503.0,332.0,0.7980818,683.0,258.0,0.6893199,697.0,282.0,0.5887202,856.0,271.0,0.58611196,876.0,278.0,0.6844243,3,Perfect
Perfect/24.jpeg,757.0,281.0,0.58731496,778.0,288.0,0.7757704,776.0,283.0,0.6295981,789.0,325.0,0.7926151,784.0,309.0,0.68644994,724.0,362.0,0.83567667,698.0,322.0,0.7352002,606.0,270.0,0.47857517,608.0,261.0,0.6398215,581.0,164.0,0.41664854,582.0,162.0,0.5982871,514.0,371.0,0.51936656,512.0,349.0,0.74886453,375.0,371.0,0.7890307,390.0,351.0,0.6603568,239.0,377.0,0.7932755,247.0,366.0,0.61127645,3,Perfect
Perfect/25.jpeg,764.0,281.0,0.6241277,786.0,285.0,0.5535801,778.0,274.0,0.5153283,794.0,323.0,0.73628384,780.0,296.0,0.5830428,727.0,358.0,0.7031991,704.0,311.0,0.4820322,608.0,270.0,0.39676943,610.0,262.0,0.7203692,580.0,166.0,0.30189577,578.0,165.0,0.6262715,524.0,372.0,0.61929065,523.0,346.0,0.81158364,376.0,379.0,0.7014606,404.0,354.0,0.4296332,243.0,386.0,0.7055811,252.0,376.0,0.4941226,3,Perfect
Perfect/26.jpeg,756.0,289.0,0.5619261,778.0,296.0,0.8472106,776.0,290.0,0.71543455,785.0,332.0,0.8549988,781.0,321.0,0.5448062,722.0,369.0,0.8505136,694.0,328.0,0.74807334,607.0,269.0,0.41382942,608.0,266.0,0.6057205,588.0,162.0,0.4251327,586.0,162.0,0.5928853,512.0,375.0,0.5972792,513.0,351.0,0.81043774,369.0,367.0,0.7365332,392.0,346.0,0.5875277,235.0,367.0,0.6934381,246.0,355.0,0.63029057,3,Perfect
Perfect/27.jpeg,340.0,289.0,0.77810395,326.0,284.0,0.7101055,319.0,299.0,0.5959043,329.0,306.0,0.64843804,318.0,334.0,0.6877244,409.0,321.0,0.57961595,385.0,360.0,0.78591263,499.0,266.0,0.6293067,513.0,343.0,0.21592507,523.0,166.0,0.6724661,523.0,168.0,0.35230842,609.0,346.0,0.71475905,606.0,370.0,0.6388631,727.0,364.0,0.2909978,750.0,370.0,0.560447,866.0,371.0,0.3510304,871.0,372.0,0.73254037,3,Perfect
Perfect/28.jpeg,342.0,301.0,0.75911224,330.0,293.0,0.59692264,321.0,309.0,0.5852865,334.0,314.0,0.55846786,319.0,345.0,0.67022955,406.0,326.0,0.6135336,386.0,365.0,0.7675073,494.0,272.0,0.5941353,501.0,277.0,0.58135366,518.0,172.0,0.6766369,519.0,174.0,0.39487562,598.0,350.0,0.6046228,597.0,373.0,0.5310228,739.0,360.0,0.56785303,741.0,362.0,0.7011073,871.0,360.0,0.5337638,873.0,362.0,0.532805,3,Perfect
Perfect/29.jpeg,340.0,287.0,0.5128684,329.0,274.0,0.8231256,319.0,293.0,0.5457239,331.0,288.0,0.58174396,314.0,326.0,0.7281331,409.0,307.0,0.69711274,379.0,359.0,0.86078733,501.0,264.0,0.46780238,504.0,346.0,0.24501646,527.0,166.0,0.79180324,521.0,357.0,0.18191488,596.0,345.0,0.7913723,588.0,373.0,0.7523583,724.0,369.0,0.34164953,732.0,383.0,0.6744201,866.0,379.0,0.43560895,868.0,382.0,0.43343112,3,Perfect
Perfect/3.jpeg,173.0,181.0,0.62006134,164.0,176.0,0.7702258,153.0,180.0,0.7064241,154.0,193.0,0.43692338,132.0,211.0,0.847899,216.0,215.0,0.51861787,145.0,239.0,0.82092994,279.0,167.0,0.6414874,190.0,169.0,0.7101252,319.0,91.0,0.7284027,228.0,80.0,0.64476496,373.0,223.0,0.6687337,353.0,238.0,0.63689053,441.0,202.0,0.61591023,438.0,207.0,0.43017063,613.0,210.0,0.5992968,617.0,220.0,0.7105959,3,Perfect
Perfect/30.jpeg,928.0,660.0,0.5029952,957.0,652.0,0.3668343,944.0,647.0,0.37154344,991.0,697.0,0.6397523,971.0,679.0,0.2358801,894.0,743.0,0.5110049,889.0,727.0,0.34889838,764.0,603.0,0.50643104,769.0,601.0,0.3054833,703.0,498.0,0.37963435,705.0,494.0,0.20567763,600.0,739.0,0.59250516,605.0,719.0,0.51086485,379.0,737.0,0.30985534,377.0,714.0,0.47897303,157.0,738.0,0.30590415,157.0,731.0,0.47284284,3,Perfect
Perfect/31.jpeg,926.0,647.0,0.42666173,958.0,640.0,0.46122518,944.0,635.0,0.36522338,995.0,682.0,0.47300494,977.0,665.0,0.20874791,905.0,730.0,0.49346715,898.0,718.0,0.31969878,765.0,594.0,0.51542073,769.0,594.0,0.35765517,699.0,485.0,0.3662851,695.0,484.0,0.30977336,617.0,736.0,0.5363485,622.0,718.0,0.50604236,413.0,738.0,0.31047016,399.0,715.0,0.49598962,165.0,752.0,0.3472225,166.0,746.0,0.44019568,3,Perfect
Perfect/32.jpeg,927.0,671.0,0.4020337,956.0,667.0,0.43929815,941.0,659.0,0.48887417,981.0,708.0,0.6372994,967.0,693.0,0.25407726,888.0,752.0,0.4369744,883.0,743.0,0.28249073,764.0,610.0,0.4417905,770.0,612.0,0.35370433,701.0,499.0,0.34741426,707.0,496.0,0.25348186,597.0,739.0,0.5406152,604.0,722.0,0.46209368,395.0,737.0,0.3435001,385.0,707.0,0.3846798,145.0,731.0,0.43669742,147.0,721.0,0.34042007,3,Perfect
Perfect/34.jpeg,151.0,674.0,0.43564904,128.0,657.0,0.43900833,123.0,666.0,0.48936048,116.0,687.0,0.28050917,100.0,715.0,0.31537226,197.0,715.0,0.44320017,189.0,774.0,0.44091538,305.0,610.0,0.46592435,311.0,611.0,0.38123307,372.0,504.0,0.37947685,374.0,502.0,0.4065895,483.0,726.0,0.5464542,477.0,752.0,0.53581333,680.0,723.0,0.3998202,687.0,724.0,0.33739123,941.0,721.0,0.43299556,942.0,726.0,0.4147928,3,Perfect
Perfect/35.jpeg,139.0,649.0,0.48956284,123.0,631.0,0.6492279,114.0,641.0,0.60659117,110.0,662.0,0.18811274,91.0,686.0,0.4245758,196.0,702.0,0.3706689,170.0,743.0,0.41408035,299.0,594.0,0.4011516,305.0,595.0,0.3983421,381.0,489.0,0.3356069,383.0,489.0,0.4136742,482.0,721.0,0.5021931,479.0,744.0,0.5268733,713.0,734.0,0.21096599,706.0,744.0,0.48501503,924.0,747.0,0.38780925,925.0,753.0,0.48231152,3,Perfect
Perfect/36.jpeg,834.0,318.0,0.75432974,855.0,329.0,0.7024852,857.0,330.0,0.689966,854.0,372.0,0.84054977,856.0,376.0,0.8343296,765.0,404.0,0.6306168,761.0,398.0,0.7336658,623.0,283.0,0.79516196,618.0,287.0,0.43596432,544.0,167.0,0.69983125,542.0,159.0,0.3764373,518.0,465.0,0.80323523,522.0,442.0,0.8342435,315.0,401.0,0.78356224,330.0,382.0,0.6774813,139.0,372.0,0.67425394,143.0,362.0,0.49013984,3,Perfect
Perfect/38.jpeg,837.0,328.0,0.75033504,856.0,339.0,0.6126716,859.0,341.0,0.67571443,851.0,383.0,0.5660344,853.0,388.0,0.6588251,768.0,415.0,0.42145842,762.0,408.0,0.77438223,630.0,291.0,0.73471946,629.0,294.0,0.4404548,549.0,164.0,0.7711504,545.0,162.0,0.34977078,515.0,467.0,0.7875197,522.0,446.0,0.7923679,313.0,395.0,0.8482263,343.0,379.0,0.5401923,141.0,357.0,0.7610451,150.0,348.0,0.48906344,3,Perfect
Perfect/39.jpeg,174.0,308.0,0.72299516,154.0,322.0,0.8461996,154.0,322.0,0.82693905,169.0,372.0,0.8631532,166.0,375.0,0.8414624,258.0,397.0,0.8725273,258.0,393.0,0.6224654,399.0,288.0,0.6235767,396.0,282.0,0.75464725,490.0,149.0,0.5560746,490.0,151.0,0.69778824,524.0,444.0,0.66695344,527.0,451.0,0.59652287,701.0,386.0,0.6660682,706.0,393.0,0.8199198,872.0,359.0,0.5904014,885.0,365.0,0.7885272,3,Perfect
Perfect/4.jpeg,170.0,188.0,0.6202912,162.0,182.0,0.67203766,151.0,189.0,0.8556519,154.0,196.0,0.49261323,129.0,220.0,0.83537006,221.0,219.0,0.6588634,145.0,246.0,0.72019994,271.0,181.0,0.5624726,192.0,170.0,0.69314325,314.0,95.0,0.655201,224.0,89.0,0.68032455,365.0,230.0,0.5227031,346.0,241.0,0.637233,442.0,201.0,0.70044607,435.0,206.0,0.6098292,616.0,206.0,0.62364805,620.0,210.0,0.66631883,3,Perfect
Perfect/40.jpeg,188.0,322.0,0.7151657,167.0,329.0,0.77356845,165.0,330.0,0.7971393,173.0,381.0,0.746061,173.0,383.0,0.74220735,255.0,407.0,0.8437939,251.0,406.0,0.71242034,393.0,294.0,0.5406773,391.0,292.0,0.71024454,484.0,152.0,0.47713414,486.0,152.0,0.78828615,524.0,431.0,0.82877886,521.0,440.0,0.6562805,688.0,392.0,0.57861996,701.0,386.0,0.8446239,869.0,352.0,0.5744395,876.0,353.0,0.76299554,3,Perfect
Perfect/41.jpeg,184.0,297.0,0.6420955,162.0,309.0,0.80905986,161.0,309.0,0.8201807,172.0,361.0,0.73793685,169.0,363.0,0.7141134,256.0,392.0,0.855991,261.0,379.0,0.52111983,406.0,286.0,0.5919893,404.0,280.0,0.81924266,497.0,156.0,0.60022646,496.0,155.0,0.62971723,517.0,451.0,0.76199937,518.0,453.0,0.72952896,706.0,398.0,0.681275,702.0,396.0,0.75288695,866.0,378.0,0.6368488,876.0,383.0,0.7438725,3,Perfect
Perfect/42.jpeg,255.0,79.0,0.58844554,262.0,81.0,0.7217381,262.0,81.0,0.7007729,264.0,97.0,0.84049356,264.0,96.0,0.8038088,236.0,100.0,0.60704255,234.0,100.0,0.5407218,203.0,61.0,0.5412781,198.0,61.0,0.58542025,182.0,29.0,0.6922703,177.0,30.0,0.63031864,150.0,101.0,0.76525515,150.0,96.0,0.8548966,94.0,103.0,0.5780871,94.0,99.0,0.5338007,40.0,110.0,0.5001138,38.0,107.0,0.47718558,3,Perfect
Perfect/43.jpeg,255.0,74.0,0.66006255,262.0,77.0,0.72776717,262.0,77.0,0.6860914,263.0,93.0,0.794844,263.0,92.0,0.734293,235.0,95.0,0.49525443,231.0,97.0,0.7748499,201.0,58.0,0.4313306,197.0,60.0,0.5012999,178.0,30.0,0.5085954,176.0,31.0,0.6346295,151.0,101.0,0.7287641,150.0,97.0,0.8343414,94.0,104.0,0.6312635,93.0,100.0,0.57556385,39.0,112.0,0.4583641,38.0,110.0,0.61049825,3,Perfect
Perfect/44.jpeg,255.0,83.0,0.58935916,262.0,86.0,0.69183713,262.0,86.0,0.64005256,261.0,99.0,0.80081934,261.0,100.0,0.67198557,236.0,103.0,0.5914863,230.0,102.0,0.6590873,204.0,64.0,0.7188344,199.0,64.0,0.60935473,184.0,29.0,0.72761405,179.0,32.0,0.5926231,151.0,102.0,0.4848651,151.0,97.0,0.8038562,94.0,101.0,0.6008376,94.0,99.0,0.55360466,39.0,108.0,0.38948599,37.0,104.0,0.6162471,3,Perfect
Perfect/45.jpeg,42.0,76.0,0.6175963,35.0,80.0,0.7464805,34.0,80.0,0.8024936,35.0,96.0,0.83373004,33.0,97.0,0.7871558,69.0,92.0,0.7253088,62.0,98.0,0.658203,102.0,62.0,0.67938304,98.0,60.0,0.50550187,118.0,30.0,0.69662064,118.0,28.0,0.7123772,150.0,94.0,0.743342,149.0,102.0,0.58133847,210.0,96.0,0.57841605,209.0,101.0,0.69130325,259.0,105.0,0.49920726,265.0,108.0,0.48910668,3,Perfect
Perfect/48.jpeg,1071.0,381.0,0.6300304,1107.0,384.0,0.6905576,1093.0,375.0,0.7396081,1153.0,447.0,0.64017975,1129.0,421.0,0.47293845,1084.0,518.0,0.78030723,1024.0,481.0,0.6188296,919.0,388.0,0.5272872,843.0,380.0,0.4562806,850.0,237.0,0.50404495,792.0,250.0,0.74183077,718.0,535.0,0.61557704,713.0,505.0,0.8049184,479.0,435.0,0.5044208,464.0,444.0,0.855046,192.0,417.0,0.5163972,211.0,432.0,0.456266,3,Perfect
Perfect/49.jpeg,1068.0,360.0,0.5208555,1102.0,359.0,0.75339085,1093.0,355.0,0.74800736,1153.0,413.0,0.7216416,1136.0,398.0,0.48706505,1099.0,496.0,0.69507396,1038.0,469.0,0.6852465,917.0,384.0,0.3528297,846.0,372.0,0.42737806,831.0,230.0,0.25207362,782.0,231.0,0.794564,727.0,534.0,0.71380526,715.0,504.0,0.7998634,478.0,447.0,0.6987339,470.0,445.0,0.81581753,197.0,442.0,0.49264467,215.0,449.0,0.5697097,3,Perfect
Perfect/5.jpeg,172.0,170.0,0.6509746,163.0,167.0,0.78442484,150.0,170.0,0.7905012,154.0,183.0,0.34370676,128.0,201.0,0.8913363,213.0,208.0,0.5776262,142.0,230.0,0.79159975,280.0,161.0,0.58967924,194.0,161.0,0.6983343,324.0,89.0,0.6973221,232.0,80.0,0.7076378,370.0,223.0,0.6207907,353.0,238.0,0.61106765,448.0,207.0,0.6041625,437.0,209.0,0.52103025,607.0,220.0,0.49769914,609.0,226.0,0.6068745,3,Perfect
Perfect/50.jpeg,1064.0,389.0,0.7058626,1101.0,390.0,0.81858504,1092.0,385.0,0.50813514,1150.0,450.0,0.7565464,1133.0,435.0,0.4417271,1087.0,526.0,0.74196935,1019.0,495.0,0.6969238,932.0,395.0,0.48263764,855.0,403.0,0.41764522,869.0,240.0,0.60386115,797.0,255.0,0.7247649,709.0,537.0,0.7421445,700.0,513.0,0.7382173,476.0,430.0,0.74250513,466.0,444.0,0.8277254,207.0,406.0,0.49117774,238.0,431.0,0.57948613,3,Perfect
Perfect/51.jpeg,217.0,384.0,0.753746,199.0,368.0,0.6883943,186.0,379.0,0.7894707,168.0,409.0,0.6884792,143.0,441.0,0.7778052,253.0,446.0,0.5834322,202.0,497.0,0.84284097,441.0,372.0,0.49689966,369.0,400.0,0.7295416,507.0,247.0,0.7304957,493.0,246.0,0.17617114,578.0,489.0,0.7375058,577.0,531.0,0.8198109,819.0,417.0,0.7580511,827.0,439.0,0.6442023,1082.0,413.0,0.74731785,1116.0,423.0,0.66189426,3,Perfect
Perfect/53.jpeg,219.0,367.0,0.66670233,195.0,356.0,0.8228273,183.0,365.0,0.7639514,163.0,395.0,0.76175004,142.0,419.0,0.7535355,251.0,444.0,0.62852603,202.0,484.0,0.86738706,438.0,359.0,0.42056334,369.0,382.0,0.44470018,511.0,242.0,0.6188991,502.0,236.0,0.23007773,585.0,481.0,0.6868499,582.0,523.0,0.79896724,818.0,428.0,0.47880682,826.0,441.0,0.65190756,1082.0,432.0,0.4551374,1110.0,437.0,0.71565914,3,Perfect
Perfect/54.jpeg,544.0,566.0,0.5368431,523.0,559.0,0.541282,517.0,564.0,0.50565946,509.0,601.0,0.3775772,496.0,615.0,0.4060564,603.0,644.0,0.39311647,587.0,674.0,0.61205494,708.0,561.0,0.2988199,708.0,564.0,0.5321302,798.0,431.0,0.35031685,804.0,432.0,0.5177639,858.0,654.0,0.677616,863.0,669.0,0.5303828,1070.0,615.0,0.46903348,1067.0,627.0,0.3424505,1297.0,628.0,0.48608357,1304.0,638.0,0.5895058,3,Perfect
Perfect/55.jpeg,542.0,574.0,0.38974753,523.0,569.0,0.49890798,514.0,576.0,0.63307124,512.0,613.0,0.35532284,499.0,629.0,0.37614623,602.0,655.0,0.3874859,592.0,678.0,0.4107244,707.0,560.0,0.25320137,705.0,560.0,0.44639528,792.0,432.0,0.3231446,791.0,433.0,0.649735,859.0,653.0,0.5948475,864.0,668.0,0.5563202,1067.0,608.0,0.46012363,1059.0,620.0,0.3789643,1293.0,610.0,0.49170452,1304.0,616.0,0.48730177,3,Perfect
Perfect/56.jpeg,547.0,562.0,0.47941515,526.0,552.0,0.49451658,518.0,558.0,0.5891998,515.0,593.0,0.3271013,500.0,609.0,0.60048115,601.0,643.0,0.4112307,584.0,667.0,0.40746522,713.0,551.0,0.16736096,716.0,556.0,0.38251984,800.0,434.0,0.21262056,805.0,432.0,0.60839206,849.0,664.0,0.5023301,855.0,669.0,0.53586245,1056.0,628.0,0.35532525,1046.0,636.0,0.4345834,1285.0,645.0,0.37279576,1291.0,654.0,0.5579011,3,Perfect
Perfect/57.jpeg,1056.0,570.0,0.5047717,1081.0,572.0,0.32473806,1075.0,569.0,0.62951064,1095.0,620.0,0.4520587,1087.0,607.0,0.4108562,1013.0,662.0,0.5068176,1007.0,638.0,0.3353156,888.0,552.0,0.44437057,881.0,547.0,0.31409916,801.0,433.0,0.22518784,798.0,429.0,0.39636114,736.0,678.0,0.53158945,739.0,644.0,0.5713479,533.0,634.0,0.34426117,528.0,613.0,0.27188766,308.0,637.0,0.51838815,323.0,630.0,0.34342158,3,Perfect
Perfect/58.jpeg,1055.0,568.0,0.40954834,1077.0,569.0,0.43921983,1072.0,564.0,0.53976417,1093.0,613.0,0.3859135,1084.0,600.0,0.37191916,1017.0,664.0,0.5230111,1006.0,628.0,0.28778702,891.0,559.0,0.4011237,880.0,547.0,0.286553,793.0,436.0,0.19251946,791.0,431.0,0.47529396,738.0,681.0,0.42796984,740.0,649.0,0.55804354,537.0,644.0,0.22626062,533.0,626.0,0.34854376,308.0,653.0,0.49113688,317.0,649.0,0.34259126,3,Perfect
Perfect/59.jpeg,1057.0,580.0,0.4976369,1083.0,584.0,0.4040352,1077.0,577.0,0.37602526,1094.0,635.0,0.5205319,1088.0,616.0,0.48303548,1003.0,672.0,0.6159035,1001.0,642.0,0.3395261,887.0,556.0,0.44866368,880.0,549.0,0.32742324,808.0,433.0,0.13554744,806.0,434.0,0.4020269,732.0,676.0,0.55069816,738.0,646.0,0.47891158,535.0,626.0,0.48289895,532.0,607.0,0.4143244,299.0,618.0,0.48644948,318.0,615.0,0.454097,3,Perfect
Perfect/6.jpeg,177.0,369.0,0.67128426,154.0,353.0,0.649044,142.0,358.0,0.8304463,120.0,387.0,0.6282631,95.0,398.0,0.7697884,222.0,425.0,0.5054408,161.0,473.0,0.5055756,328.0,308.0,0.5257196,315.0,314.0,0.4938975,432.0,187.0,0.40092245,422.0,185.0,0.68522936,537.0,463.0,0.7917011,533.0,514.0,0.74279034,781.0,446.0,0.72819155,776.0,471.0,0.68889093,1061.0,462.0,0.76775885,1064.0,475.0,0.6109391,3,Perfect
Perfect/60.jpeg,294.0,337.0,0.66057914,276.0,325.0,0.44659716,261.0,344.0,0.60400873,276.0,356.0,0.4756982,250.0,397.0,0.844191,391.0,389.0,0.6187226,357.0,422.0,0.69306904,484.0,283.0,0.503671,485.0,296.0,0.558348,555.0,154.0,0.57993317,554.0,153.0,0.41861352,671.0,378.0,0.6512577,673.0,426.0,0.6528066,841.0,379.0,0.5792199,859.0,401.0,0.7651608,1020.0,395.0,0.56057376,1028.0,409.0,0.6731756,3,Perfect
Perfect/61.jpeg,299.0,352.0,0.6950025,280.0,340.0,0.6856044,266.0,359.0,0.5640227,279.0,367.0,0.4909736,255.0,412.0,0.8443993,388.0,390.0,0.6768205,369.0,436.0,0.5158679,475.0,290.0,0.41761607,491.0,297.0,0.42980352,545.0,156.0,0.76494944,546.0,158.0,0.47333446,669.0,376.0,0.6569984,673.0,425.0,0.7692939,823.0,372.0,0.52064896,860.0,398.0,0.78395206,1011.0,385.0,0.45482224,1018.0,398.0,0.51082927,3,Perfect
Perfect/63.jpeg,977.0,335.0,0.68729484,1011.0,345.0,0.6689191,996.0,326.0,0.7644298,1023.0,394.0,0.80152154,1000.0,348.0,0.6959214,925.0,421.0,0.603045,890.0,379.0,0.7619691,797.0,286.0,0.5740097,785.0,298.0,0.5918857,745.0,158.0,0.45814994,722.0,147.0,0.53069824,610.0,424.0,0.6568345,614.0,389.0,0.73084456,424.0,400.0,0.79746294,437.0,376.0,0.63830334,239.0,408.0,0.5312288,245.0,390.0,0.62429667,3,Perfect
Perfect/64.jpeg,969.0,319.0,0.57025445,999.0,323.0,0.7227445,994.0,314.0,0.6199042,1021.0,369.0,0.65753424,1010.0,350.0,0.62813705,923.0,417.0,0.6331176,907.0,373.0,0.6713705,778.0,285.0,0.66517395,789.0,278.0,0.67676556,709.0,143.0,0.6886551,712.0,136.0,0.5087843,603.0,425.0,0.7280153,613.0,394.0,0.7569054,422.0,404.0,0.7656473,434.0,390.0,0.64364135,254.0,420.0,0.5590407,254.0,411.0,0.55939144,3,Perfect
Perfect/66.jpeg,143.0,410.0,0.6757568,136.0,379.0,0.5399563,106.0,413.0,0.8365462,148.0,387.0,0.60448796,94.0,455.0,0.68960583,209.0,456.0,0.77721894,169.0,462.0,0.50338936,377.0,344.0,0.35667053,276.0,300.0,0.8541117,465.0,192.0,0.41230428,356.0,148.0,0.5364323,527.0,417.0,0.7242164,525.0,444.0,0.6376794,762.0,404.0,0.6519074,759.0,445.0,0.83812207,1049.0,395.0,0.6676501,1060.0,405.0,0.73951703,3,Perfect
Perfect/68.jpeg,138.0,392.0,0.7629141,136.0,363.0,0.7285825,105.0,397.0,0.6957424,151.0,368.0,0.6478484,106.0,439.0,0.7201335,206.0,440.0,0.74026823,170.0,442.0,0.46480978,366.0,352.0,0.22244745,267.0,293.0,0.8186077,471.0,194.0,0.530937,366.0,136.0,0.5378436,497.0,423.0,0.7591496,496.0,453.0,0.68122315,762.0,405.0,0.722055,749.0,441.0,0.73058957,1031.0,408.0,0.60594434,1057.0,422.0,0.7131415,3,Perfect
Perfect/69.jpeg,1129.0,386.0,0.78204626,1165.0,402.0,0.7635337,1134.0,372.0,0.75016624,1171.0,463.0,0.67426413,1119.0,387.0,0.6595859,1104.0,466.0,0.7486435,1072.0,449.0,0.6283092,1000.0,300.0,0.8103306,994.0,304.0,0.2743675,921.0,143.0,0.71864045,805.0,193.0,0.36899137,742.0,441.0,0.66337204,748.0,426.0,0.7277402,503.0,422.0,0.52738,504.0,406.0,0.71166384,224.0,413.0,0.64789873,235.0,399.0,0.7544675,3,Perfect
Perfect/71.jpeg,1131.0,406.0,0.73369026,1167.0,426.0,0.8109743,1133.0,390.0,0.7160588,1166.0,476.0,0.81273246,1118.0,404.0,0.59944487,1103.0,472.0,0.72380203,1069.0,477.0,0.6300956,1000.0,309.0,0.88485044,903.0,388.0,0.13704368,924.0,153.0,0.70486134,808.0,202.0,0.33081478,755.0,443.0,0.72097945,760.0,429.0,0.7326046,507.0,419.0,0.50353795,513.0,412.0,0.64432406,240.0,406.0,0.5583826,262.0,393.0,0.62354034,3,Perfect
Perfect/72.jpeg,209.0,317.0,0.7587189,179.0,326.0,0.7548309,179.0,330.0,0.77284867,187.0,388.0,0.89426273,187.0,395.0,0.8658292,295.0,421.0,0.8355355,307.0,413.0,0.5596941,433.0,269.0,0.5817163,432.0,266.0,0.70483583,516.0,136.0,0.53566146,515.0,133.0,0.7394579,619.0,408.0,0.703321,626.0,429.0,0.685174,851.0,393.0,0.77757066,859.0,408.0,0.7898022,1079.0,420.0,0.6852241,1090.0,437.0,0.73980755,3,Perfect
Perfect/73.jpeg,213.0,334.0,0.75235915,182.0,343.0,0.5858413,181.0,345.0,0.6804101,189.0,406.0,0.86003405,187.0,412.0,0.8627519,300.0,428.0,0.83022153,309.0,422.0,0.5525707,430.0,278.0,0.5826016,423.0,277.0,0.7312515,509.0,140.0,0.4928508,508.0,138.0,0.8329332,623.0,408.0,0.69920284,630.0,429.0,0.6791598,858.0,387.0,0.64707315,865.0,401.0,0.7749858,1074.0,407.0,0.68820316,1083.0,425.0,0.68869936,3,Perfect
Perfect/76.jpeg,1048.0,309.0,0.6622149,1080.0,318.0,0.6017291,1081.0,318.0,0.6044311,1097.0,371.0,0.51535124,1099.0,375.0,0.7243099,987.0,423.0,0.5516091,977.0,403.0,0.6160998,846.0,265.0,0.5391456,842.0,267.0,0.6927984,753.0,133.0,0.61674994,750.0,136.0,0.62221473,648.0,426.0,0.63901937,652.0,399.0,0.8130172,412.0,419.0,0.6791534,417.0,406.0,0.65160334,188.0,453.0,0.6658113,202.0,441.0,0.8076356,3,Perfect
Perfect/80.jpeg,911.0,370.0,0.6478592,933.0,371.0,0.66416776,935.0,368.0,0.6285079,958.0,411.0,0.72970885,961.0,408.0,0.718307,881.0,464.0,0.61927,892.0,457.0,0.5798567,777.0,327.0,0.80747277,781.0,325.0,0.5626451,707.0,222.0,0.71072537,712.0,219.0,0.5738876,622.0,446.0,0.6865616,627.0,435.0,0.81275123,473.0,442.0,0.5744492,478.0,439.0,0.72578776,299.0,436.0,0.70816153,298.0,432.0,0.7446191,3,Perfect
Perfect/81.jpeg,362.0,360.0,0.75505835,338.0,353.0,0.59621406,337.0,355.0,0.5448534,314.0,396.0,0.9204309,314.0,400.0,0.90480506,390.0,461.0,0.8011008,384.0,455.0,0.72286826,492.0,333.0,0.3906944,499.0,317.0,0.5797699,575.0,218.0,0.67827576,577.0,214.0,0.4207668,661.0,436.0,0.7143218,665.0,453.0,0.5982506,809.0,443.0,0.6845369,816.0,444.0,0.6591786,993.0,432.0,0.5200357,984.0,439.0,0.5827635,3,Perfect
Perfect/82.jpeg,362.0,371.0,0.66863865,338.0,364.0,0.70933396,338.0,367.0,0.75391257,318.0,411.0,0.793944,315.0,413.0,0.8258491,391.0,467.0,0.71893555,383.0,463.0,0.6470282,489.0,340.0,0.47075662,498.0,321.0,0.48195246,573.0,219.0,0.63416296,573.0,217.0,0.5121602,655.0,435.0,0.69476306,662.0,451.0,0.5654225,814.0,434.0,0.5734902,822.0,442.0,0.56730336,995.0,422.0,0.61011606,991.0,428.0,0.69311905,3,Perfect
Perfect/83.jpeg,365.0,354.0,0.6672629,341.0,345.0,0.63839996,341.0,347.0,0.68371433,316.0,388.0,0.7230677,314.0,390.0,0.7507135,384.0,456.0,0.5971492,379.0,446.0,0.71323293,493.0,331.0,0.272309,496.0,315.0,0.7421681,580.0,224.0,0.5042668,581.0,221.0,0.69199854,647.0,438.0,0.54684776,652.0,447.0,0.5406244,813.0,447.0,0.6567416,816.0,449.0,0.77494246,976.0,450.0,0.4732203,975.0,454.0,0.6091364,3,Perfect
Perfect/84.jpeg,88.0,301.0,0.664798,82.0,287.0,0.6598953,71.0,305.0,0.7299894,90.0,285.0,0.41832903,70.0,323.0,0.7768927,132.0,314.0,0.51119053,111.0,330.0,0.36949992,191.0,263.0,0.36351573,169.0,253.0,0.69851667,235.0,193.0,0.3854499,204.0,185.0,0.36242878,278.0,328.0,0.7163362,277.0,333.0,0.63347197,388.0,313.0,0.5828928,387.0,325.0,0.47421685,510.0,298.0,0.42851403,511.0,302.0,0.61263686,3,Perfect
Perfect/85.jpeg,88.0,310.0,0.711408,82.0,296.0,0.7165456,71.0,315.0,0.70740294,88.0,291.0,0.43922147,70.0,332.0,0.8159402,130.0,321.0,0.60211176,109.0,335.0,0.3496673,187.0,261.0,0.33226037,185.0,266.0,0.31982788,235.0,194.0,0.4193346,201.0,186.0,0.32625163,275.0,328.0,0.7403451,274.0,332.0,0.64584416,382.0,312.0,0.5683721,383.0,323.0,0.6995262,509.0,293.0,0.5765904,510.0,295.0,0.66001755,3,Perfect
Perfect/86.jpeg,88.0,292.0,0.62428737,83.0,277.0,0.62204665,70.0,294.0,0.70975167,90.0,278.0,0.52546173,66.0,314.0,0.72048944,129.0,312.0,0.5414562,106.0,322.0,0.47528008,193.0,259.0,0.3934041,167.0,246.0,0.7659817,243.0,190.0,0.4985808,208.0,179.0,0.5309206,279.0,326.0,0.77423906,278.0,328.0,0.7177829,383.0,322.0,0.48078668,391.0,324.0,0.7169001,512.0,307.0,0.6022191,510.0,307.0,0.6556179,3,Perfect
Perfect/87.jpeg,512.0,296.0,0.66190106,528.0,305.0,0.7873467,516.0,287.0,0.76620525,529.0,327.0,0.6223122,508.0,287.0,0.70911294,481.0,329.0,0.6230996,468.0,318.0,0.6644964,432.0,255.0,0.82665503,394.0,254.0,0.4633496,400.0,186.0,0.6611125,365.0,193.0,0.5346675,333.0,329.0,0.68175215,333.0,323.0,0.69826156,213.0,320.0,0.54037464,208.0,313.0,0.53366065,85.0,301.0,0.47013554,90.0,299.0,0.5526606,3,Perfect
Perfect/88.jpeg,510.0,289.0,0.57467186,527.0,296.0,0.63928384,516.0,279.0,0.7261045,530.0,319.0,0.81174946,511.0,278.0,0.6570914,483.0,325.0,0.62886596,470.0,312.0,0.684902,429.0,248.0,0.8914041,388.0,249.0,0.6674729,393.0,185.0,0.7638488,361.0,189.0,0.44349942,336.0,330.0,0.5498839,337.0,319.0,0.7374156,215.0,321.0,0.68780464,213.0,314.0,0.43442905,88.0,308.0,0.59752107,93.0,305.0,0.5074852,3,Perfect
Perfect/90.jpeg,162.0,200.0,0.8072846,144.0,197.0,0.6414538,140.0,201.0,0.6829778,130.0,233.0,0.72925574,123.0,242.0,0.7972081,202.0,250.0,0.6285163,172.0,266.0,0.7169201,311.0,188.0,0.30064633,304.0,189.0,0.27316684,368.0,125.0,0.45314795,365.0,127.0,0.22171429,404.0,272.0,0.6501047,399.0,286.0,0.72755086,603.0,256.0,0.62791246,600.0,283.0,0.67116433,783.0,263.0,0.5408428,789.0,273.0,0.47561195,3,Perfect
Perfect/91.jpeg,156.0,211.0,0.6929613,138.0,210.0,0.6845975,135.0,214.0,0.7799272,129.0,246.0,0.724087,121.0,253.0,0.8793061,193.0,259.0,0.5190455,173.0,274.0,0.7378135,303.0,189.0,0.45099413,298.0,194.0,0.3030605,362.0,128.0,0.45745134,363.0,130.0,0.19651254,403.0,280.0,0.69496536,399.0,291.0,0.7002743,602.0,255.0,0.67564785,599.0,279.0,0.715248,790.0,250.0,0.53059304,796.0,255.0,0.46731478,3,Perfect
Perfect/92.jpeg,168.0,192.0,0.70791566,151.0,186.0,0.75530434,147.0,193.0,0.56924415,133.0,220.0,0.5195676,124.0,230.0,0.8175746,206.0,241.0,0.7951088,172.0,257.0,0.6515409,317.0,179.0,0.5300852,300.0,179.0,0.30143175,376.0,120.0,0.4711383,315.0,95.0,0.3279206,413.0,273.0,0.7142018,408.0,286.0,0.7249247,610.0,269.0,0.7442246,606.0,287.0,0.7062006,783.0,276.0,0.3868714,790.0,282.0,0.5316518,3,Perfect
Perfect/93.jpeg,794.0,196.0,0.7508554,815.0,200.0,0.62261593,811.0,201.0,0.76901597,833.0,237.0,0.64476424,829.0,236.0,0.5461157,800.0,254.0,0.6778615,758.0,267.0,0.63694835,684.0,180.0,0.6624112,655.0,198.0,0.48972917,630.0,92.0,0.37191567,593.0,129.0,0.5189328,551.0,287.0,0.66065663,550.0,282.0,0.8208591,360.0,277.0,0.71533984,357.0,271.0,0.54282033,167.0,272.0,0.42666304,179.0,266.0,0.7234924,3,Perfect
Perfect/95.jpeg,797.0,207.0,0.75611955,818.0,211.0,0.6130957,814.0,210.0,0.7763368,835.0,248.0,0.7720457,830.0,244.0,0.61367804,802.0,264.0,0.74154633,756.0,270.0,0.4991228,690.0,192.0,0.7538559,674.0,242.0,0.21922852,638.0,104.0,0.36142465,601.0,141.0,0.55617875,562.0,291.0,0.65958977,560.0,286.0,0.8172643,373.0,278.0,0.71111757,365.0,264.0,0.5803069,181.0,271.0,0.51538867,191.0,262.0,0.67327136,3,Perfect
Perfect/96.jpeg,1589.0,943.0,0.76224566,1630.0,934.0,0.72155994,1619.0,928.0,0.63311696,1679.0,988.0,0.85833734,1667.0,980.0,0.6097554,1608.0,1082.0,0.766395,1571.0,1053.0,0.5937942,1450.0,895.0,0.70413846,1438.0,901.0,0.7022934,1382.0,722.0,0.59718347,1350.0,735.0,0.46506065,1206.0,1113.0,0.5979945,1210.0,1079.0,0.7565848,902.0,1060.0,0.61468637,897.0,1052.0,0.6461973,575.0,1044.0,0.7558803,595.0,1033.0,0.75998753,3,Perfect
Perfect/97.jpeg,1601.0,932.0,0.74418247,1638.0,924.0,0.7158214,1629.0,920.0,0.558197,1687.0,977.0,0.8827016,1673.0,973.0,0.7691489,1610.0,1067.0,0.8931388,1579.0,1055.0,0.68264943,1456.0,891.0,0.8024583,1438.0,897.0,0.56041145,1380.0,721.0,0.7825808,1356.0,732.0,0.39255148,1226.0,1117.0,0.7584692,1228.0,1091.0,0.77373296,920.0,1074.0,0.73304456,912.0,1060.0,0.7366581,579.0,1072.0,0.706882,594.0,1059.0,0.7649282,3,Perfect
Perfect/98.jpeg,1583.0,949.0,0.7361973,1621.0,943.0,0.7163766,1614.0,936.0,0.79590476,1671.0,996.0,0.88008946,1661.0,987.0,0.7474768,1598.0,1085.0,0.8775167,1567.0,1053.0,0.65853924,1447.0,898.0,0.82086134,1432.0,907.0,0.6485546,1393.0,737.0,0.69116503,1361.0,741.0,0.38026485,1202.0,1109.0,0.5658923,1209.0,1068.0,0.8297139,893.0,1044.0,0.7951813,896.0,1032.0,0.6312142,568.0,1012.0,0.7877684,583.0,1000.0,0.71866995,3,Perfect
Perfect/99.jpeg,1278.0,949.0,0.79286927,1247.0,936.0,0.79598784,1245.0,938.0,0.81048054,1202.0,984.0,0.8289988,1195.0,986.0,0.8196948,1284.0,1059.0,0.45283857,1263.0,1048.0,0.76161134,1433.0,899.0,0.40720484,1418.0,888.0,0.7886903,1535.0,721.0,0.5345466,1501.0,717.0,0.45778465,1671.0,1085.0,0.58193445,1673.0,1105.0,0.55596167,1988.0,1051.0,0.7208394,1987.0,1058.0,0.7854104,2293.0,1028.0,0.6666321,2300.0,1040.0,0.7646027,3,Perfect
